"PRODUCT_NAME","Max_Units"
"GENVOYA",50137469.9
"HUMIRA - A",37892592.25
"TRIUMEQ 50",31028353.21
"TRUVADA",30310236.29
"MAVYRET 10",25442235.61
"TIVICAY TA",21578645.31
"BASAGLAR",20695579.91
"SUBOXONE S",20239557.36
"VENTOLIN H",18758737.14
"DESCOVY  2",18176735.01
"SYMBICORT",17204829.23
"ODEFSEY  (",16817788.72
"JANUVIA 10",16017825.87
"ATRIPLA",14248510.2
"REMICADE",13445422.79
"ENBREL (ET",11977679.1
"NOVOLOG PE",11552600.25
"STRIBILD",11422954.12
"HUMALOG KW",10748355.95
"PREZCOBIX",10706532.3
"COMPLERA",10537265.15
"TENOFOVIR",9993912.51
"PREZISTA 8",9624640.85
"STELARA 90",9246531.46
"FLOVENT HF",9003744.22
"JANUMET 50",8541915.33
"ALOXI .25M",8170766.93
"TECFIDERA",8009771.91
"VICTOZA 6M",7723904.52
"VEMLIDY 25",6919266.49
"ISENTRESS",6762123.41
"XOLAIR (OL",6700747.08
"ADVAIR DIS",6383170.35
"NORDITROPI",6144669.49
"INVEGA SUS",6085270.05
"KEYTRUDA 1",5957451.51
"PALIVIZUMA",5888400.97
"VIVITROL (",5721050.24
"XARELTO (R",5687300.09
"EPCLUSA  4",5637591.35
"NEULASTA (",5514198.47
"LANTUS 3ML",5402084.65
"OSELTAMIVI",5188369.65
"HUMALOG",5115220.02
"SPIRIVA RE",4996836.59
"EYLEA  (AF",4867467.35
"NOVOLOG 10",4669528.27
"PERJETA (P",4406745.39
"HARVONI  (",4399988.34
"ELIQUIS",4189405.25
"H.P. ACTHA",4139615.45
"TRADJENTA",3978603.23
"INVOKANA",3963481.1
"GILENYA HG",3781269.44
"OTEZLA (AP",3739218.59
"DIPHENHYDR",3735744.35
"JANUVIA 50",3710361.71
"0.9% SODIU",3705235.74
"OPDIVO",3700853.01
"LATUDA (LU",3682074.89
"RESTASIS",3672127.86
"XIFAXAN 55",3669593.17
"AVASTIN (B",3641871.38
"IBRANCE (P",3579027.66
"RITUXAN (R",3529966.2
"COMBIVENT",3457137.61
"BOTOX BOTU",3456415.89
"DEXAMETHAS",3437526.64
"ZEPATIER 1",3415124.93
"NOVOLOG MI",3412005.63
"COSENTYX S",3374251.23
"SPIRIVA 30",3284074.38
"EPOGEN (EP",3163484.69
"MAKENA",3131673.26
"ENTYVIO 30",3124332.82
"VOSEVI 400",3113186.64
"CINRYZE C1",3098570.08
"JADENU FCT",3085312.39
"STELARA 45",3075119.34
"PULMOZYME",3057225.98
"SODIUM CHL",3028927.38
"JARDIANCE",2973058.94
"ORKAMBI (L",2948094.76
"HERCEPTIN",2936429.18
"TOUJEO SOL",2842227.94
"LEXISCAN .",2758214.05
"INCRUSE EL",2741978.78
"LYRICA (PR",2713278.08
"LEVEMIR FL",2706283.28
"NORVIR (RI",2693251.47
"EMEND FOR",2691103.69
"CHANTIX (V",2678422.42
"HEPARIN SO",2675605.59
"KENALOG-40",2656966.88
"TRULICITY",2541183.26
"CEREZYME (",2444969.49
"ABILIFY MA",2429285.76
"AMANTADINE",2380628.6
"DEXMETHASO",2370841.64
"TAGRISSO 8",2332397.14
"CIPRODEX O",2317262.23
"ONFI 10MG",2307909.21
"DUPIXENT 3",2258275.41
"XIIDRA 5%",2243958.81
"ALIMTA",2231013.05
"LETAIRIS 1",2210257.46
"VIGABATRIN",2180379.18
"BREO ELLIP",2147645.13
"EPIPEN EPI",2126551.17
"APRISO",2111346.85
"PREZISTA (",2104634.41
"SPRYCEL",2095190.45
"AVONEX (IN",2092940.02
"SODIUM CL",2063259.27
"PROAIR HFA",2022034.83
"CREON (PAN",2010421.43
"VENOFER",1996560.32
"GLATIRAMER",1980148.06
"NUVARING (",1969616.87
"ATAZANAVIR",1967222.01
"REVLIMID (",1964349.94
"DULERA INH",1926811.82
"XGEVA (DEN",1871894.61
"HECTOROL I",1854406.14
"HUMALOG MI",1842552.27
"RAVICTI",1788876.12
"INTELENCE",1778052.81
"TAMIFLU OR",1762564.44
"AUBAGIO 14",1757564.75
"VELCADE (B",1722776.58
"COPAXONE L",1703212.85
"IMBRUVICA",1688800.85
"XYREM",1678519.02
"FORTEO",1676035.62
"BERINERT",1674211.41
"XELJANZ TO",1658234.08
"FENTANYL C",1646234.31
"DARZALEX (",1638482.77
"ONDANSETRO",1637858.87
"ADVATE 5ML",1634765.87
"GAMMAGARD",1614108.65
"BRILINTA 9",1575672.78
"PARAGARD T",1549180.68
"ZYTIGA 250",1546849.6
"YERVOY",1517070.47
"KALYDECO (",1503877.94
"CREON 24,0",1488441.89
"MIRENA",1485664.15
"DIHYDROERG",1473224.13
"PALIVAZUMA",1472534.94
"BUDESONIDE",1464014.63
"XTANDI 40M",1437964.61
"VENOFER (I",1433029.14
"APIDRA 3ML",1413006.82
"CARAFATE S",1412388.89
"PROPOFOL 1",1409079
"OSELTAMAVI",1405296.29
"FLUTICASON",1404213.11
"INVEGA TRI",1386083.46
"NUTROPIN A",1377871.39
"CIMZIA PRE",1372582.1
"ONFI ORAL",1370394.54
"ANORO ELLI",1366238.49
"JENTADUETO",1340016.15
"CEFAZOLIN",1321588.31
"INVANZ I.V",1318529.88
"GAMUNEX-C",1317228.26
"ADCETRIS (",1312632.32
"EVOTAZ",1307645.44
"BENLYSTA L",1305167.55
"SABRIL PAC",1300643.79
"LACTATED R",1292812.13
"ILARIS VIA",1285330.98
"PENNSAID",1246295.09
"TRESIBA FL",1244864.1
"REMODULIN",1241219.02
"NPLATE (RO",1229601.51
"INJECTAFER",1227875.82
"RANEXA (RA",1227226.98
"VIREAD",1224204.24
"QVAR INHAL",1212323.69
"EMEND 150M",1205380.88
"BANZEL TAB",1199482.33
"DICLOFENAC",1193488.29
"KENALOG-10",1187293.33
"GLATOPA 20",1183088.05
"EPINEPHRIN",1175520.78
"PENTASA 50",1169150.59
"RISPERDAL",1168215.55
"SUPPRELIN",1165454.43
"PROLASTIN-",1163697.13
"NUCALA (ME",1158111.09
"CUBICIN RF",1158078.51
"VIMPAT 200",1154406.1
"NEXAVAR",1151355.72
"VYVANSE 40",1138362.63
"REBIF REBI",1113286.93
"AMPYRA",1112265.08
"VYVANSE 30",1105213.86
"ORENCIA SC",1105091.27
"EDURANT 25",1098350.82
"BYDUREON P",1086065.06
"CUBICIN 50",1077162.04
"XULANE TDS",1074306.17
"HALOBETASO",1065699.3
"OPSUMIT (M",1057634.71
"RENAGEL TA",1050488.58
"ORENCIA",1049429.5
"ADCIRCA (T",1046196.08
"PROLIA (DE",1043162.07
"OCREVUS 30",1039802.88
"GLUCAGON",1039257.82
"LINZESS 14",1030846.4
"REBIF (INT",1025792.03
"LINZESS 29",1025540.75
"IMATINIB M",1015523.41
"NOXAFIL 10",1014961.75
"METRONIDAZ",1005921.06
"COLCHICINE",1005449.96
"ARANESP (D",1002204.58
"AVONEX PRE",988851.86
"ADVAIR HFA",975006.2
"TANZEUM (A",968313.59
"JANUMET XR",965018
"TALTZ",958298.69
"TASIGNA HG",949037.15
"SOLIRIS",935849.67
"AFINITOR T",929756.25
"RECOMBINAT",918690.67
"BANZEL ORA",918295.45
"ACTEMRA SC",917607.3
"VYVANSE 50",912317.29
"LUPRON DEP",904044.69
"ATOVAQUONE",897676.74
"HUMULIN 70",893999.8
"RESTASIS M",892829.4
"PREMARIN V",888802.9
"LANTUS 10M",881631.97
"CLINDAMYCI",874041.08
"ONFI 20MG",860956.92
"HUMULIN R",853326.43
"PROCRIT (E",851417.09
"ALPROLIX 2",838502.62
"ATROVENT H",826975.49
"TACROLIMUS",820974.76
"KETOCONAZO",818964.22
"EPIPEN JR.",817149.42
"JANUVIA 25",814119.62
"SABRIL TAB",807417.34
"METHYLPHEN",802483.17
"VYVANSE 70",801501.63
"MOVANTIK 2",797808.69
"VIMPAT 100",794516.81
"NASCOBAL N",794417.73
"POMALYST",793551.64
"TRISENOX (",788216.17
"TREMFYA (G",762547.51
"REYATAZ",750861.55
"SENSIPAR (",750131.37
"FASLODEX 5",749954.65
"CANASA 1G",749358.15
"ALOGLIPTIN",738979.16
"LETAIRIS 5",736254.21
"ZUBSOLV 5.",735961.64
"CYANOCOBAL",729846.4
"TYSABRI (N",729550.29
"TYVASO (TR",726919.62
"PROMACTA T",719056.46
"ALBENZA (A",710132.36
"ERBITUX",705009.64
"PROCTOZONE",701569.32
"ELOCTATE 7",696962.99
"TARCEVA 15",692665.69
"NICOTROL I",692398.97
"QUELICIN(S",685682.12
"ZYTIGA 500",684592.59
"VYVANSE 60",683913.68
"SOLU-CORTE",677561.44
"PULMICORT",675555.88
"VYVANSE 20",664106.95
"TRINTELLIX",661384.27
"REVATIO (S",660553.74
"DIPRIVAN (",659792.11
"SIMPONI AR",656470.81
"SOMATULINE",655522.54
"EXJADE TAB",653905.17
"PACLITAXEL",652479.08
"KALETRA-LO",651698.81
"MESALAMINE",649667.57
"VITAFOL-ON",640856.2
"REVLIMID(L",638238.42
"ALECENSA 1",635130.35
"ZEMPLAR(PA",632770.94
"CELESTONE",631422.76
"REPATHA (E",627311.73
"METFORMIN",626424.06
"VOTRIENT T",625935.39
"SYPRINE 25",623590.15
"LUMIZYME (",616224.95
"KETOROLAC",615106.89
"GLASSIA",615085.79
"KALYDECO O",614092.5
"ELMIRON",608180.22
"ANDROGEL 1",605259.36
"DEPO-MEDRO",604901.79
"ADEMPAS 2.",603633.55
"BENDEKA 10",603319.1
"SEROSTIM",598088.71
"KYPROLIS (",597733.24
"CAYSTON (A",594070.24
"ELAPRASE 6",593160.91
"XALKORI (C",576095.51
"ENTECAVIR",569802.11
"KADCYLA (A",569786.84
"HALAVEN",568003.44
"LUCENTIS -",566923.93
"JAKAFI",565845.67
"MAGNESIUM",565755.51
"SEVELAMER",559485.89
"REXULTI 2.",557870.01
"EUCRISA (C",556124.99
"CEFTRIAXON",546888.92
"DEXILANT 6",544940.68
"CARBOPLATI",541999.92
"SOLU MEDRO",536234.96
"VALGANCICL",535493.87
"ARNUITY EL",535349.11
"SIMPONI 50",527443.31
"GATTEX - 3",524265.18
"FARXIGA 10",521374.71
"BRIMONIDIN",517326.41
"HUMULIN N",516062.35
"BUPRENORPH",513441.88
"GRANISETRO",513032.82
"REXULTI 1.",513026.78
"DIPYRIDAMO",509355.9
"MIDAZOLAM",497291.48
"SELZENTRY",496928.94
"KUVAN POWD",494989.5
"XIAFLEX  (",494835.91
"METOCLOPRA",493122.9
"DAPTOMYCIN",490732.07
"COPAXONE (",490613.7
"HIZENTRA 1",490539.48
"PRIVIGEN",489444.71
"SAPHRIS 10",489209.48
"POLYETHYLE",486789.11
"MIXED AMPH",477159.88
"NEUPOGEN (",476860.41
"GLEEVEC FC",473875.55
"ENTRESTO F",470375.22
"CYCLOPHOSP",459547.95
"ATROPINE S",456422.45
"COLLAGENAS",456066.78
"5% DEXTROS",453940.75
"CHLORPROMA",453908.06
"LO LOESTRI",452415.66
"CATHFLO AC",452285.52
"CLOTRIMAZO",451939.72
"LIDOCAINE/",449148.23
"CYRAMZA",447296
"ATORVASTAT",447200.16
"FLUOROURAC",445428.09
"NUEDEXTA C",445057.92
"VIMPAT 150",442334.98
"ARISTADA 8",441221.45
"ELOCTATE 1",439033
"ALBUTEROL",433097.77
"ASMANEX HF",429173.38
"ENOXAPARIN",426856.09
"XELODA 500",424953.74
"PLEGRIDY P",423516.09
"SOLU-MEDRO",421911.3
"ESTRADIOL",421853.17
"HIZENTRA 4",420960.27
"ZOMACTON 1",418257.33
"VRAYLAR (C",417306.02
"OXALIPLATI",416354.09
"SANDOSTATI",412135.07
"DICLEGIS",411620.31
"CABOMETYX",411053.38
"OXYCONTIN",410356.28
"OXYCODONE",409523.11
"KINERET 10",406160.18
"OFEV (NINT",403782.44
"BETA NAPO4",403230.4
"XARELTO 10",402695.41
"BENLYSTA S",402092.51
"MEKINIST T",402082.66
"ERGOCALCIF",400439.03
"FERRIPROX",399205.69
"STIVARGA",394203.2
"VIMPAT 50M",392732.35
"MEDROXYPRO",389591.09
"FIRAZYR 30",389311.05
"PREDNISOLO",385822.39
"DARAPRIM T",385583.45
"AMITIZA (L",384961.05
"ENDOCET 10",380682.18
"ARIPIPRAZO",379325.84
"ARTIFICIAL",378661.16
"DEXTROSE 5",378048.1
"NINLARO (I",376863.77
"MYCOPHENOL",372977.29
"APIDRA 10M",371486.04
"HYDROXYCHL",371208.16
"ICLUSIG TA",370959.57
"TAFINLAR C",370808.41
"CREON 12,0",369044.95
"ADDERALL X",368460.87
"ESBRIET 26",368188.93
"HYDROMORPH",367233.33
"OMEPRAZOLE",365652.24
"FERRLECIT",362366.87
"TRACLEER (",360795.44
"TARCEVA 10",359057.93
"KUVAN",353076.43
"INVOKAMET",352086.04
"LORAZEPAM",350361.6
"BIKTARVY",348005.99
"NUVARING R",346829.88
"ALPHAGAN P",345718.87
"PREVACID L",345447.64
"BUPROPION",343983.37
"DOCETAXEL",343628.78
"FARXIGA 5M",342314.41
"ZUBSOLV 8.",338268.33
"POTASSIUM",335993.79
"DOXORUBICI",332716.1
"LIDOCAINE",330770.95
"LAMICTAL T",329633.94
"HUMIRA SYR",329415.7
"XENAZINE 2",328720.41
"QUETIAPINE",324232.38
"LAMICTAL X",324008.92
"TOBRAMYCIN",323310.06
"TRILEPTAL",323222.01
"CUPRIMINE",321260.56
"NESTABS",320170.95
"TOBI PODHA",316907.04
"LUCENTIS 0",315482.71
"CAPECITABI",314755.32
"DIVALPROEX",311505.73
"NERLYNX (N",310494.95
"ULORIC 40M",308022.97
"FUSILEV, 5",307809.33
"ACTEMRA  8",303730.06
"BANZEL 200",303365.5
"LEVEMIR 10",303120.33
"MEPHYTON 5",302936.77
"UCERIS 9MG",298745.04
"MYRBETRIQ",294523.17
"ARISTADA 6",293661.61
"TRIESENCE",292936.6
"MULTAQ 400",288882.24
"AMINOPHYLL",285650.05
"ZEMPLAR, 5",285535.32
"OCALIVA 5M",284329.46
"SUSTIVA",283864.51
"ABACAVIR A",283699.01
"FLUPHENAZI",282647.08
"DUEXIS (IB",281731.9
"SAPHRIS 5",281477.1
"ELIDEL CRE",281439.92
"LYNPARZA 1",280627.47
"FAMOTIDINE",280408.28
"BETASERON",278821.94
"VITAMIN D",277540.64
"VINBLASTIN",276868.33
"CALCIPOTRI",276217.96
"SIMPONI 10",275796.81
"AMOX CLAV",275046.74
"VIIBRYD 40",275020.08
"ABRAXANE 1",273057.81
"DEPAKOTE S",272649.24
"LEUCOVORIN",272526.77
"TRAVATAN Z",271482.7
"AZELASTINE",271348.51
"GENTAMICIN",268911.02
"FABRAZYME",268506.32
"APTIOM 600",267783.13
"PRADAXA 15",266080.87
"CIMZIA",265939.36
"ENTERIC CO",265173.2
"TRETINOIN",265105.43
"INGREZZA 8",261724.11
"VANCOMYCIN",261631.46
"AMMONIUM L",259693.95
"OXTELLAR X",258325
"VECTIBIX (",256721.18
"FLUOCINONI",256500.87
"THIOLA TAB",256209.9
"VIMPAT ORA",255961.9
"OXYMORPHON",254939.65
"CICLOPIROX",253695.8
"VENLAFAXIN",251579.04
"ONGLYZA 5M",250621.16
"THYROGEN 0",249428.33
"URSODIOL C",248809.52
"AUBAGIO 7",248139.89
"KEPPRA ORA",245936.93
"APTIOM 800",245153.39
"DOXYCYCLIN",245108.22
"KEPPRA 500",244350.67
"BRILINTA 6",241131.16
"LAMICTAL 2",241052.85
"OMNITROPE",240901.3
"ANGIOMAX (",239599.82
"PATADAY",239147.09
"WELLBUTRIN",239074.15
"BENAPHEN",238728.05
"AMBISOME L",238284.6
"ZARXIO 480",238184.88
"VELPHORO",237874.29
"JUBLIA TOP",237812.87
"KEPPRA 100",237605.46
"ASMANEX TW",236248.28
"VINCRISTIN",235999.72
"REXULTI 3.",235749.01
"ZONEGRAN C",235596.91
"MYORISAN 3",235587.94
"DOXEPIN HY",235268.64
"INGREZZA 4",234229.52
"KISQALI FC",233762.28
"SODIUM FER",233205.04
"RAYOS",232659.17
"CITRANATAL",231589.38
"DEXTROAMPH",231528.35
"CRESEMBA 1",230455.22
"SEREVENT D",229905.93
"VPRIV (VEL",229789.31
"JUNEL FE T",229771.76
"SUTENT (SU",229601.43
"RANITIDINE",229492.11
"DULOXETINE",229351.71
"FLOVENT DI",228517.03
"CISPLATIN",228313.36
"LUCENTIS R",228132.06
"VASCEPA OR",228068.43
"EFAVIRENZ",227746.87
"PROVENTIL",226059.39
"PERMETHRIN",225534.5
"KETOTIFEN",223033.13
"NITROFURAN",222896.07
"NEO/POLY B",221506.14
"PROMETHAZI",220924.17
"NEPHPLEX R",220265.46
"PALIPERIDO",218775.09
"VYVANSE 10",216822.43
"APTIOM 400",215740.71
"TIMOLOL GE",212921.12
"TERCONAZOL",209269.94
"NOVOLIN 70",208313.27
"CARNITOR I",207117.8
"MILRINONE",206248.53
"ETOPOSIDE",206137.21
"TAMSULOSIN",204941.91
"PROTONIX I",204689.92
"ERTHROMYCI",204594.94
"WELCHOL (C",202090.89
"MYCAMINE (",201369.99
"MUPIROCIN",200871.92
"SIROLIMUS",198731.5
"ZARXIO 300",198181.46
"OFLOXACIN",197269.37
"BICILLIN L",196977.47
"LUMIGAN 0.",196776.54
"OZURDEX",196693.98
"LILETTA 52",196067.16
"GILOTRIF 3",195374.34
"AMOXICILLI",195108.15
"ABACAVIR S",195012.8
"IRINOTECAN",193965.55
"DIASTAT AC",193774.86
"TOBRADEX O",193700.34
"TUDORZA PR",193513.68
"ZENPEP DR",193033.98
"MOMETASONE",192894.36
"VOLTAREN G",192049.11
"SULFAMETHO",191252.17
"VALACYCLOV",190441.45
"VENCLEXTA",190146.83
"DALIRESP 5",186770.14
"BOSULIF BO",186651.87
"METHOTREXA",186338.75
"JULUCA 50M",186030.19
"VALCYTE 45",184556.15
"ABILIFY",184315.6
"HIZENTRA 2",183119.63
"NAGLAZYME",183100
"MYORISAN (",182808.15
"OMEGA-3 GC",182526.13
"ABSORICA C",182191.56
"MOVANTIK 1",182128.75
"PARICALCIT",181351.61
"MONTELUKAS",181104.59
"ACTEMRA 20",180288.32
"CHLORTALID",179342.35
"FUROSEMIDE",177834.59
"GILOTRIF 2",177667.47
"BETAMETH D",176216.82
"PRALUENT 7",176106.64
"ARISTADA 1",175911.61
"TRIAMCINOL",175604.95
"FOSAMPRENA",174447.64
"MIFEPREX",173787.79
"EXTAVIA  V",173675.9
"EZETIMIBE",172490.45
"ADRUCIL (F",172465.97
"FASENRA IN",172357.55
"KEPPRA XR",170635.18
"TEGRETOL S",170261.68
"APLENZIN E",169730.11
"MITIGARE (",169250.71
"MORPHINE S",168204.06
"CAMBIA",167925.07
"REXULTI 4.",166432.92
"CUVPOSA OR",166396.24
"FLUOROMETH",164941.61
"INFLECTRA",164733.24
"CALCIUM GL",164031.62
"RAPAMUNE L",163871.89
"LINZESS 72",163593.63
"CLARAVIS C",162976.92
"ZORTRESS T",162300.58
"REXULTI 0.",161535.68
"KEPPRA 750",161351.28
"RALOXIFENE",159736.66
"ACTEMRA 40",158681.53
"VIT D2 1.2",158664.62
"TRULANCE 3",157745.24
"LEVORPHANO",157358.85
"VESICARE T",156409.15
"KEVZARA 20",156345.9
"DACARBAZIN",155368.24
"OXCARBAZEP",155351.93
"VIMOVO",155156.14
"ADEFOVIR D",154910
"LORATADINE",154296.88
"FENOFIBRAT",154130.89
"AMICAR ORA",153497.59
"SKYLA",152685.26
"BYDUREON 2",152609.63
"FINACEA",150296.76
"FLUOXETINE",150210.49
"ULORIC 80M",149879.96
"LEVONORGES",149588.99
"ESOMEPRAZO",148479.11
"ROZEREM (R",148190.8
"ZOLADEX SA",147245.75
"CLARITHROM",145977.4
"VIRACEPT 6",145759.1
"DELZICOL D",145730.52
"DEPO-PROVE",145078.8
"0.9% SOD C",144841.15
"TEGRETOL X",144382.92
"EMFLAZA (D",144375.08
"HALOPERIDO",144163.94
"EMTRIVA",144024.82
"METOPROLOL",143530.1
"DEXMETHYLP",143418.56
"TYKERB TAB",143368.43
"VENOFER IR",143317.86
"KRISTALOSE",142293.82
"METHYLPRED",142040.79
"FOLIC ACID",142008.92
"VIBERZI (E",141424.29
"ZANTAC INJ",141285.05
"AEROSPAN (",141060.12
"BROMFED DM",140149.99
"EMVERM",139979.81
"ABACAVIR-L",139877.54
"ZOMETA VIA",139254.39
"LEVOTHYROX",139148.98
"RENVELA TA",138792.08
"ZEJULA",138785.9
"AZACITIDIN",138614.06
"PROGRAF 1M",137466.35
"TROKENDI X",136787.89
"DIAZEPAM R",136683.23
"GABAPENTIN",136370.84
"BLEOMYCIN",135860.47
"ERYTH BASE",135751.12
"ERYTHROMYC",135672.11
"DILAUDID H",135229.37
"ADVATE 2ML",134146.29
"ARISTADA 4",133241.67
"EPANED (EN",133192.78
"CLOBETASOL",132805.95
"LILETTA (L",132798.41
"BACITRACIN",131896.32
"VIIBRYD 20",131720.72
"NICOTINE T",131316.79
"PROPOFOL I",128908.11
"PREMPRO 0.",128692.87
"NARCAN (NA",127437.21
"AMPHETAMIN",127192.41
"SPRINTEC T",126887.73
"BRIVIACT (",126793.44
"BROMPHEN M",126527.22
"ASPIR-LOW",126492.96
"FLECTOR",125724.38
"FLUTIC/SAL",124531.73
"LEVOLEUCOV",123656.38
"AMICAR 500",122300.24
"CLOZARIL T",121666.4
"NEOMYCIN-P",121073.69
"GLYCOLAX 5",120769.65
"LATANOPROS",120651.94
"CAMPTOSAR",120022.78
"HYDROCODON",119972.69
"NUCYNTA 10",119331.17
"TOPAMAX TA",119195.26
"CLONIDINE",119035.73
"DONABINOL",118758.9
"ZIPRASIDON",118687.37
"DECITABINE",118651.8
"PREMARIN T",118505.03
"CALCIPOTIE",117923.89
"IBUPROFEN",117687.34
"PREMIER VE",117606.95
"MALATHION",117538.23
"AURYXIA OR",117315.93
"CARBAMAZEP",115885.29
"ABACAVIR /",115687.38
"CEFDINIR O",115494.57
"APTIOM 200",115429.69
"NEXPLANON",114587.87
"GILOTRIF 4",114460.77
"PRENATE MI",114418.64
"AZITHROMYC",114393.47
"ASTAGRAF X",113375.54
"ZOMIG 5MG",112628.3
"URSODIOL 3",112569.24
"ZOVIRAX CR",112399.75
"BROVANA",111926.99
"COMBIGAN 0",111662.28
"MY WAY  TA",111254.97
"SYNTHROID",111168.91
"DIFICID TA",111020.34
"METHERGINE",110494.75
"SAVELLA 50",110283.78
"BYETTA 250",110011.16
"HYDROCORTI",109863.27
"VITRASE OV",109642.26
"GRISEOFULV",109447.3
"FELBATOL 6",109359.25
"BROMPHENIR",109099.44
"MYFORTIC T",108546.07
"RITALIN LA",107869.92
"TOPAMAX 25",107445.05
"GEMCITABIN",107148.8
"MISOPROSTO",106752.28
"NUCYNTA 50",106716.34
"NOVOLIN N",106620.92
"ISOTONIC G",106552.37
"ABACAVIR T",106474.45
"NEXIUM 40M",106451.98
"BOTOX COSM",105974.5
"ACAMPROSAT",105759.7
"PANTOPRAZO",105643.55
"TEFLARO 60",105607.06
"OMEGA-3-AC",104978.39
"RELISTOR T",104709.95
"GABLOFEN 2",103962.73
"CLOMIPRAMI",103685.39
"SUPREP BOW",103683.39
"CLOZAPINE",103152.79
"DALVANCE 5",102081.78
"PROCTOSOL",101525.9
"NACL 0.9%",100673.62
"OTC IBUPRO",99811.61
"DEPAKOTE E",99230.03
"TRUVADA 10",98815.28
"NAPROXEN S",98727.58
"EPZICOM TA",98117.71
"IPRATROPIU",97892.22
"REFRESH TE",97880.9
"FERAHEME",97689.94
"ESCITALOPR",96941.79
"NAPROXEN T",96845.34
"TETRABENAZ",96398.59
"AZOPT",96243.37
"ISONIAZID",96167.18
"CUVITRU 8G",95840.81
"YUVAFEM (E",95839.75
"PRALUENT 1",95740.66
"CEPHALEXIN",95594.62
"SUMATRIPTA",95561.41
"PERFOROMIS",95544.24
"ABACAVIR/L",95018.96
"SOLIQUA 10",94890.4
"LAMOTRIGIN",94874.81
"EXEMESTANE",94700.87
"OLANZAPINE",93793.05
"CHLORTHALI",93763.26
"TRI-LO SPR",93710.89
"CROMOLYN S",93506.38
"CELLCEPT O",93268.74
"CEFTIN ORA",92975.93
"RITONAVIR",92100.29
"BUSPIRONE",91865.11
"LIALDA 1.2",91595.67
"ZOLEDRONIC",91481.64
"AGGRENOX(A",91122.66
"SEROQUEL X",91088.92
"FLUCONAZOL",90667.69
"BYDUREON B",90658.05
"KEPPRA 250",90628.16
"BYSTOLIC 1",90572.1
"TRI-LO-MAR",90232.95
"TREXIMET T",89231.99
"ENALAPRIL",89067.18
"LUCENTIS",89063.8
"BYSTOLIC 5",88564.21
"FLUOCINNON",88445.14
"APREPITANT",87890.68
"ATOMOXETIN",87862.35
"FANAPT 12M",87302.38
"MODAFINIL",86972.48
"LAMICTAL C",86959.08
"BETHKIS",86666.74
"ACETAZOLAM",86654.62
"CHILDREN'S",86451
"DEMEROL (M",86278.22
"CIALIS",85844.17
"PENTASA 25",85659.16
"CALCITRIOL",85112.98
"HORIZANT (",85019.48
"ORENITRAM",84999.84
"CONCERTA 3",84780.89
"TRAZODONE",84732.38
"CABERGOLIN",84367.04
"LAMIVUDINE",84151.99
"SODIUM GLU",83793.21
"TESTOSTERO",83726.79
"AFREZZA 4",83669.26
"DIAZEPAM I",83532.66
".12% CHLOR",83319.41
"NICOTROL N",82987.88
"SIMVASTATI",82165.63
"TOPIRAMATE",81630.11
"MANNITOL 2",81413.29
"KERYDIN 5%",81349
"GRALISE (G",81276.36
"VANDAZOLE",81194.33
"CYCLOSPORI",81015.42
"CEFDINIR P",80884.2
"2G/50ML CE",80833.47
"CELECOXIB",80673.03
"NEXIUM FOR",80673.01
"SIMBRINZA",80427.69
"REGRANEX",80256.64
"BUTALBITAL",78227.22
"PRAZOSIN H",78199.18
"VIRT PN DH",77973.57
"SAVELLA 10",77695.12
"PAROXETINE",77663.35
"MERCAPTOPU",77639.58
"DEMEROL(ME",77435.76
"KOMBIGLYZE",77277.95
"NEBUPENT I",77264.25
"NORETHINDR",77185.96
"COLCRYS 0.",77164.89
"ADENOSINE",76957.4
"NOVOLIN R",76877.15
"BUTAL/APAP",76869.92
"JUNEL FE 2",76759.76
"CRINONE 8%",76721.06
"NUPLAZID 1",76633.06
"DILANTIN 1",76554.01
"GLIPIZIDE",76506.87
"GENOTROPIN",76242.3
"INFED (IRO",75780.44
"DOCUSATE S",75774.21
"PERCOCET 1",75737.5
"DILTIAZEM",75606.93
"CEFDINIR C",75594.1
"CATAPRES-T",74930.28
"FOCALIN XR",74478.79
"NEOSTIGMIN",74204.58
"TRI SPRINT",74169.88
"ORTHO TRI-",74102.02
"GLYCOLAX 2",74001.24
"GUANFACINE",73858.28
"DURAGESIC",73780.12
"PREMPRO .6",73549.29
"RHOGAM ULT",73475.66
"PREDNISONE",73170.52
"ZUBSOLV 11",73158.3
"TEGRETOL T",73158.2
"CHOLESTYRA",72854.5
"GLUCAGEN D",72844.46
"GEMFIBROZI",72594.39
"CRYTSELLE",72352.41
"SYSTANE",72310.63
"LEVALBUTER",72004.06
"GAVILYTE -",71938.17
"LAMICTAL O",71731.46
"CREON 6,00",71716.84
"STIOLTO RE",71403.74
"SYNJARDY 1",71366.82
"ASPIRIN LO",71004.76
"CYPROHEPTA",70974.19
"DEXILANT 3",70562.29
"LABETALOL",70411.07
"HUMATROPE",69869.82
"FINACEA FO",69679.74
"TETRACYCLI",69634.75
"ERYPED 200",69234.53
"CLONAZEPAM",68860.49
"SYMLIN 1MG",68490.43
"PNV-DHA",68243
"ACYCLOVIR",68206.57
"REFRESH PL",68044.75
"VALSARTAN",67825.73
"ASACOL HD",67782.48
"EPIDUO FOR",67718.69
"ACETAMINOP",67675.22
"NEO/POLY/H",67623.52
"FLONASE AR",67543.46
"ELIGARD 22",67447.95
"ZUBSOLV 2.",67293.98
"XULTOPHY 1",66989.16
"SERTRALINE",66961.61
"AUG BETAME",66753.39
"FONDAPARIN",66459.54
"DEFEROXAMI",66393.71
"DRONABINOL",66350.82
"ZATEAN-PN",66345.48
"ABACAVIR 3",66217.71
"ONIVYDE 43",66035.31
"FYCOMPA",65786.33
"LEXIVA TAB",65754.79
"PRASUGREL",65731.47
"DEPAKENE S",65650.24
"FELBATOL 4",65649.84
"ANDRODERM",65418.56
"LIVALO",64441.95
"DORZOLAMID",64271.09
"CLINDAMY/B",64186.38
"BARACLUDE",63816.29
"PROTONIX F",63321.92
"TYMLOS  (A",63005.27
"DESMOPRESS",62975.21
"DROBABINOL",62881.86
"MIRTAZAPIN",62840.07
"ECONAZOLE",62786.02
"MEROPENEM",62700.42
"BENZONATAT",62605.26
"LIQUITEARS",62523.77
"BETAMETHAS",62495.09
"CEFADROXIL",62425.06
"NYSTATIN 1",62042.64
"FUZEON 90M",61813.26
"TIZANIDINE",61767.26
"NYSTATIN C",61713.05
"BUT / APAP",61471.96
"MUCINEX DM",61242.65
"PROAIR INH",61017.56
"PROCHLORPE",60857.14
"TICE BCG",60631.21
"DOFETILIDE",60529.18
"DDAVP 4MCG",60412.6
"ZILEUTON E",60335.11
"LEVETIRACE",60080.32
"FANAPT 6MG",59808.15
"IMIQUIMOD",59746.68
"TRIMETHOPR",59368.88
"FEXOFENADI",59350.49
"HYDROXYURE",59236.78
"SUCRALFATE",58992.56
"NAPROXEN O",58959.02
"IROSPAN 24",58915.17
"ESTRACE 42",58894.92
"THIAMINE H",58462.38
"VELTASSA P",58120.37
"ZOLOFT (SE",57972.74
"LEFLUNOMID",57939.61
"DESVENLAFA",57809.77
"ACZONE (DA",57435.99
"THEOPHYLLI",57339.38
"BANOPHEN 2",57233.64
"TAZORAC CR",57219.46
"DROSP/ETHI",57165.48
"METAXALONE",57054.83
"ZENPEP CAP",57052.02
"EFFIENT",56806.23
"SOOLANTRA",56802.05
"CETIRIZINE",56769.21
"CORLANOR (",56433.83
"LORYNA 3MG",56393.14
"LOSARTAN P",56301.43
"TAYTULLA 1",56220.25
"CYMBALTA",56046.53
"DEPAKOTE 5",56020.27
"NAPROXEN 5",55530.36
"ARIPRPRAZO",55365.93
"LIDO 2.5%",55155.94
"BUTABITAL",54920.43
"PROGLYCEM",54907.57
"TAMIFLU 75",54769.9
"DEXTROAMP-",54474.53
"DIMAPHEN D",53815.77
"RECTIV 0.4",53333.07
"NEVIRAPINE",53274.49
"XEOMIN",53127.88
"LIORESAL (",52871.68
"VALCYTE OR",52646.56
"ALINIA TAB",52558.02
"CLOPIDOGRE",52309.37
"CPL CLOTRI",52104.09
"HYDRAZLAZI",51637.67
"LEVOCARNIT",51568.62
"BENZOYL PE",51547.66
"BELSOMRA 2",51474.43
"MUCINEX 50",51405.88
"MANNITOL I",51349.88
"AMBIEN 10M",51286.99
"XIGDUO XR",51167.29
"EFFEXOR XR",51115.42
"HEMANGEOL",51056.13
"FYCOMPA OS",50595.83
"FLUVOXAMIN",50452.22
"PRAVASTATI",50438.46
"PYRIDOSTIG",50351.42
"VITAFOL-OB",50180.62
"BACLOFEN 1",50100.66
"CHLORDIAZE",49982.74
"LEVETHEST",49968.77
"NALTREXONE",49962.69
"FANAPT 8MG",49810.25
"BLISOVI  2",49733.08
"EXELON TTS",49708.19
"ASHLYNA TA",49610.57
"NALOXONE H",49488.05
"ROPIVACAIN",49263.34
"CALCIPOTR/",49143.23
"PYLERA CAP",49139.73
"NIKKI 3 MG",49067.23
"MULTI-VIT",48446.88
"ALENDRONAT",48322.42
"TOVIAZ (FE",48305.17
"LISINOPRIL",48186.42
"LATUDA 60M",48028.41
"GLIMEPIRID",47922.48
"DOXPEIN HC",47595.1
"DILAUDID A",47592.67
"NYSTATIN O",47243.74
"CEFUROXIME",47173.12
"FENTANYL T",47113.24
"DICLOFFENA",46945.81
"NULOJIX",46881.53
"LEXAPRO 20",46837.17
"SILDENAFIL",46750.37
"PROPRANOLO",46652.33
"SENNA LAXA",46614.82
"CALCIUM AC",46516.44
"ANAGRELIDE",46333.7
"VIIBRYD 10",46314.8
"NUCYNTA 75",46314.13
"ROSUVASTAT",45873.4
"APAP ORAL",45768.24
"LANSOPRAZO",45758.32
"CEFOXITIN",45489.43
"FANAPT 10M",45475.59
"QVAR BA IN",45346.19
"OMEGA-3 ET",45111.12
"DOC-Q-LACE",45045.08
"LEUKINE LY",44983.32
"FETZIMA 40",44913.87
"HYDROCHLOR",44867.85
"VELETRI EP",44761.9
"TRIANEX 0.",44708.28
"LOVENOX 40",44674.35
"MICROGESTI",44511.09
"NICOTINE G",44441.2
"NYSTATIN T",44305.04
"FETZIMA 80",44270.79
"RIOMET 500",44259.72
"CONCERTA 5",44259.68
"AMITRIPTYL",44126.22
"URSODIOL T",43810.25
"BEVESPI AE",43614.35
"CUVITRU 2G",43479.89
"TROSPIUM C",43455.95
"ISORDIL OR",43324.99
"FOSRENOL 1",43237.89
"OLOPATADIN",43237.51
"STOOL SOFT",43152.3
"CLEOCIN VA",42923.08
"EMSAM (SEL",42895.82
"ASPIR 81",42892.31
"TRANSDERM",42722.06
"APRI 28 DA",42718.26
"PROCTO-MED",42462.08
"PROPOFOL E",42437.02
"PREZISTA 1",42392.73
"GLYXAMBI 2",42258.2
"LINEZOLID",42197.49
"ZINECARDS",42193.46
"MULTI VITA",42021.06
"DOXEPIN HC",41981.05
"JUNEL 21 D",41824.36
"VITAFOL UL",41520
"TRINESSA L",41101.69
"PHENOBARBI",41002.12
"ETH/NOR 35",40840.87
"RAPAFLO 8",40814.67
"AMPICILLIN",40639.38
"ELLA (ULIP",40570.58
"SOD BICARB",40512.47
"DOXY DR 10",40509.94
"CELLCEPT C",40283.19
"BROVANA (A",40258.57
"VIENVA",39992.76
"HYDROXYZIN",39981.68
"RELISTOR P",39946.41
"PERPHENAZI",39882.79
"DROSPIRENO",39869.9
"SULFACETAM",39784.42
"TRIZIVIR T",39727.02
"NUCYNTA ER",39644.87
"FALLBACK S",39623.69
"LACTULOSE",39547.82
"PROZAC",39511.09
"PROGESTERO",39364.13
"OTREXUP (M",39342.44
"SAPHRIS 2.",39268.9
"ELETRIPTAN",39248.56
"CELLCEPT 5",39055
"TOLTERODIN",39052.63
"PAZEO",38941.08
"ZOLPIDEM 1",38887.31
"MUCINEX 20",38884.81
"KAPVAY .1M",38655.03
"TOPOTECAN",38633.27
"MINOCYCLIN",38589.13
"STRATTERA",38482.37
"OXYBUTYNIN",38263.04
"NIFEDIPINE",37814.14
"ASPIRIN AN",37803.83
"APAP PAIN/",37693.52
"BENZACLIN",37669.43
"PHENAZOPYR",37537.55
"ERYPED 400",37496.09
"MECLIZINE",37445.01
"METHOTREX",36844.25
"SF 5000 PL",36649.07
"ADAPALENE",36621.06
"DOCUSIL",36611.07
"ABREVA( DO",36487.82
"LOTEMAX (L",36212.49
"NAMENDA XR",36174.81
"CEFDINIR 2",36079.18
"NITROGLYCE",36020.74
"ZYPREXA",35959.05
"RIMSO-50 5",35949.59
"NIACIN EXT",35901.73
"NADOLOL 20",35702.6
"ARIPIPAZOL",35626.04
"RASUVO 25",35458.43
"NEOMYCIN A",35435.86
"LEXAPRO 10",35382.05
"NEOMYCIN/P",35333.16
"NYSTOP POW",35236.52
"CHLORZOXAZ",35207.1
"FANAPT 2MG",35206.53
"CLINDAMY P",35099.43
"CYSTADANE",35015.27
"FLUOCINOLO",34820.31
"IPRATROPBR",34777.74
"PYRIDOXINE",34751.02
"BROTAPP-DM",34728.64
"SPIRONOLAC",34630.28
"SUMAVEL DO",34629.42
"QNASL AERO",34581.49
"TEMOZOLOMI",34548.11
"DIPRIVAN 1",34446.87
"ONZETRA XS",34242.5
"DIASTAT (D",34139.48
"ZOLPIDEM T",33984.19
"NIZATIDINE",33734.15
"FLUNISOLID",33658.68
"CYCLOBENZA",33607.4
"RIFABUTIN",33462.17
"VANCOCIN H",33433.96
"GLUCAGEN",32928.85
"CEFDINIR S",32684.58
"XIFAXAN",32617.4
"CEFPROZIL",32429.97
"AMLODIPINE",32420.01
"BUTRANS (B",32386.96
"TIAGABINE",32227.42
"ENEMEEZ MI",32200.79
"AVYCAZ (CE",32195.63
"OXYTROL (O",32113.02
"INTUNIV 4M",32088.76
"AMIKACIN S",32073.7
"AMIKACIN 1",32062.61
"AZASAN-AZA",32024.78
"OXANDROLON",31726.95
"RIZATRIPTA",31726.52
"MICRHOGAM",31721.31
"PRISTIQ EX",31686.86
"INTUNIV 1M",31684.87
"VRAYLAR CA",31661.05
"VERAPAMIL",31643.18
"ATENOLOL/C",31555.94
"PROGRAF 5M",31545.02
"FANAPT 4MG",31527.21
"NATEGLINID",31401.86
"ZOMACTON 5",31206.87
"AZATHIOPRI",31200.67
"METHADONE",31152.51
"ONGLYZA 2.",31033.62
"COLESTIPOL",30907.9
"DAYTRANA 3",30831.74
"CEFDINIR F",30818.91
"RASUVO 20",30789.09
"DUREZOL",30761.03
"ETHOSUXIMI",30688.46
"SENNO",30677.59
"SANCUSO (G",30599.78
"DIFLOFENAC",30265.37
"FARESTON",30149.37
"OXCODONE H",30119.46
"AMOCLAN 40",30076.61
"TRAMADOL H",30056.42
"DEXMETHYPH",29980.45
"BACLOFEN 2",29859.12
"MUCINEX 40",29842.93
"TRANEXAMIC",29835.05
"JUBLIA 4ML",29719.49
"MINASTRIN",29705.89
"UREA CREAM",29633.73
"MELOXICAM",29564.16
"DAYTRANA 1",29469.06
"AVIANE TAB",29401.91
"OCELLA TAB",29366.31
"PFIZERPEN",29319.95
"XOPENEX",29264.5
"NADOLOL 40",29221.22
"MONO-LINYA",29112.33
"BELSOMRA 1",29109.84
"BISACODYL",29080.71
"FOSRENOL 5",28917.45
"GRANIX INJ",28884.56
"HYDROXIZIN",28726.97
"LITHIUM CA",28690.54
"MEGESTROL",28669.95
"INTUNIV 3M",28603.45
"PROCTOFOAM",28513.62
"INVIRASE 5",28410.49
"LAMOTRIG E",28339.14
"TAKE ACTIO",28307.13
"DEPAKOTE 2",28279.06
"TRANYLCYPR",28278.22
"LORZONE 75",28258.96
"ACITRETIN",28212.57
"DRO+ETHIN+",28198.79
"NYAMYC 100",28142.77
"BYSTOLIC 2",27938.91
"CAMRESE (T",27917.57
"GIANVI (R)",27819.48
"CEFEPIME H",27749.32
"RASUVO 15",27739.8
"FLUOCINLON",27737.89
"NORGESTIMA",27713.35
"LOW-OGESTR",27670.61
"SHAROBEL 0",27669.36
"FETZIMA 12",27622.99
"PREVACID 3",27608.08
"HI-TECH AC",27595.77
"DIGOXIN EL",27581.2
"TAZAROTENE",27531.06
"CARBATROL",27471.95
"ENEMA DISP",27447.87
"RASAGILINE",27436.74
"MUCINEX 10",27426.66
"MIBELAS  2",27373.22
"METHAZOLAM",27315.74
"TRI-LINYAH",27262.44
"DEXSAC/AMP",27185.9
"ZAFIRLUKAS",27146.18
"PROPYLTHIO",27135.01
"INTUNIV 2M",27049.92
"VIGAMOX",26939.17
"BETAMETH V",26871.95
"DENAVIR 1%",26862.16
"LOSARTAN 5",26819.56
"ZUBSOLV 1.",26674.82
"XANAX 2MG",26617.65
"LOPERAMIDE",26591.88
"ASPIR 81 (",26555.22
"AUGMENTIN",26471.54
"GLYXAMBI 1",26433.32
"ENVARSUS X",26405.37
"ZONTIVITY",26330.47
"DESOGESTRE",26315.51
"SAVELLA 25",26299.35
"FROVATRIPT",26198.23
"VORICONAZO",26169.02
"RENAGEL 40",26157.29
"SEROQUEL 4",26151.83
"MELODETTA",26086.29
"COUMADIN",26037.9
"PREMARIN N",26026.4
"CODEINE PH",25999.06
"ALCOHOL PR",25976.04
"BACLOFEN T",25975.86
"DAYTRANA 2",25900.47
"LIDODERM (",25780.75
"PIPERACILL",25665.11
"PIOGLITAZO",25460.69
"BROMOCRIPT",25437.2
"CRESTOR 10",25194.35
"LOTEMAX OP",25192.57
"ALPRAZOLAM",25191.27
"ZONISAMIDE",25167.27
"HYOSCYAMIN",25093.52
"OPTIVE",25084.83
"NALOXONE S",25040.52
"FENOPROFEN",24910.44
"NAPROXEN D",24792.32
"ROBAFEN DM",24783.86
"DESOXIMETA",24781.61
"LEVAL HCL",24701.13
"TIGECYCLIN",24594.3
"DAPSONE GE",24554.61
"ALLOPURINO",24516.96
"SILTUSSIN",24516.5
"RUGBY EYE",24508.28
"LUNESTA (E",24402.49
"TAMOXIFEN",24376.49
"SENNA LAX",24364.91
"TORISEL 25",24262.57
"CAPASTAT S",24257.28
"SKLICE LOT",24249.36
"CONCERTA 2",24157.7
"NAROPIN (R",24037.2
"WELCHOL FO",23996.57
"HYDRALAZIN",23993.44
"DEPO-TESTO",23942.09
"TERBINAFIN",23936.25
"CEFEPIME F",23894.12
"GANCICLOVI",23849.77
"ONEXTON 1.",23536.03
"ELIGARD 45",23487.45
"XIFAXAN IB",23457.22
"TRIFLURIDI",23375.62
"CRESTOR 40",23370.85
"NORVIR 80M",23358.43
"LEVULAN KE",23348.38
"NEXT CHOIC",23210.15
"CITALOPRAM",23192.22
"AMNESTEEM",23166.83
"CAMILA  TA",22975.19
"ASPIRIN 81",22955.77
"VALPROIC A",22854.74
"ERRIN TABL",22788.69
"DIFLORASON",22652.37
"MAPAP ARTH",22573.21
"AMBIEN CR",22504.65
"NORACETHES",22500.59
"AMOX-CLAV",22240.94
"MORPHINE 5",22233.17
"FML FORTE",22133.9
"AFTERA (LE",22043.95
"SILENOR",22043.85
"GELNIQUE (",22024.87
"INVEGA 6MG",21924.21
"CRESTOR 20",21839.48
"LARIN FE 1",21806.15
"JULEBER 28",21764.21
"FELBAMATE",21761.58
"PENICILLIN",21712.89
"EPLERENONE",21693.8
"TAMIFLU 30",21678.13
"NAVELBINE",21658.78
"SEROQUEL 1",21646.53
"SILTUSSIN-",21602.77
"REFRESH OP",21591.65
"CEFDINIR 3",21578.19
"DESFERAL V",21532.9
"COSOPT PF",21450.79
"THEO-24 20",21430.34
"DOXY MONO",21416.96
"XANAX 1MG",21406.23
"MESTINON S",21389.3
"AMOCLAN 60",21358.69
"RIVASTIGMI",21305.89
"PREVACID 2",21193.41
"CIPRO HC O",21179.91
"BENZTROPIN",21151.16
"DYMISTA",21110.44
"VALSARTAN/",21090.34
"CELEBREX 2",21063.08
"LUBRIFRESH",21039.2
"ACIPHEX 20",21030.41
"BALSALAZID",20987.8
"INVEGA 9MG",20930.11
"METHOCARBA",20893.63
"ACARBOSE 1",20860.31
"FETZIMA 20",20824.42
"MEMANTINE",20822.39
"PRILOSEC D",20798.88
"SSD CREAM",20754.01
"EVEKEO (AM",20663.27
"CEFDINIR 1",20657.13
"ASPIRIN CH",20564.71
"GEL, METRO",20524.16
"TOBRADEX",20473.3
"RENVELA PO",20462.8
"REGULOID/",20416.23
"GEODON (ZI",20267.22
"CODEINE-GU",20266.11
"ASPIRIN EC",20251.87
"OPTION 2 (",20197.2
"RELPAX (EL",20100.42
"MULTI VIT",20077.93
"ERYTH FT 2",20012.77
"AMOXICI CL",19966.31
"PREPLUS OR",19910.68
"DESONIDE .",19908.17
"DICYCLOMIN",19889.98
"MULTIVITAM",19870.73
"PREMPRO CO",19852.98
"ATOVAQ/PRO",19847.25
"DIPHENOXYL",19768.89
"SEROQUEL 2",19763.07
"ETHINYL ES",19693.62
"NAMZARIC 1",19679.03
"NASONEX NA",19658.44
"QUILLICHEW",19614.89
"BPL METOPR",19576.97
"FENTANYL M",19529.89
"NEORAL SGC",19518.9
"TIMOLOL MA",19506.83
"VIOKACE 20",19487.17
"REFRESH SO",19476.9
"ATENOLOL T",19470.7
"CIPROFLOXA",19448.2
"GENETROPIN",19371.93
"EX PHENYTO",19354.92
"BISOPROLOL",19264.81
"SYNJARDY 5",19260.54
"NYSTATIN &",19252.65
"ARMOUR THY",19200.83
"YAZ",19124.35
"FINASTERID",19104.18
"IBANDRONAT",19081.98
"TIROSINT C",18842.06
"NORE ACE/E",18820.41
"GLYBURIDE/",18794.38
"SPORANOX (",18743.01
"REPAGLINID",18711.93
"SULFASALZI",18703.64
"MOVIPREP",18665.67
"EQUETRO 20",18646.42
"IMIPENEM A",18498.27
"BETHAMETH",18497.89
"THEO-24 30",18414.8
"FLUTICA/SA",18375.12
"BUMETANIDE",18247.78
"METHIMAZOL",18197
"RISPERIDON",18174.26
"ISOSORBIDE",18170.79
"TRINESSA 6",18162.35
"PLAQUENIL",18135.21
"LEVOFLOXAC",18093.72
"LEFLINOMID",17983.03
"PRED MILD",17940.38
"GLYBURIDE",17913.26
"PEG 3350 P",17906.76
"NICOTINE P",17780.96
"RILUZOLE 5",17770.06
"CLIMARA PR",17757.02
"LIOTHYRONI",17642.73
"EQUETRO 30",17601.13
"IVERMECTIN",17541.52
"STRIVERDI",17534.25
"METOLAZONE",17518.84
"SPS SUSPEN",17497.35
"NARATRIPTA",17476.48
"WARFARIN S",17463.31
"CEFPODOXIM",17456.34
"LOTRIMAZOL",17425.7
"INVANZ ADD",17377.75
"LANTHANUM",17353.95
"TAZORAC",17333.86
"ACARBOSE 5",17269.48
"KARIVA TAB",17206.54
"MEFLOQUINE",17166.95
"FENTANYL P",17109.1
"DEBLITANE",17101.64
"NEUPRO 2 M",17022.62
"LOPINAVIR",17015.32
"AMRIX 30MG",17012.62
"OGESTREL 0",16986.8
"TRELEGY EL",16968.99
"BIDIL (ISO",16787.95
"PANTOPRRAZ",16784.24
"PODOFILOX",16774.21
"VALTREX CA",16765.7
"COMBIPATCH",16753.63
"PRADAXA 75",16737.41
"ZETIA 10MG",16729.96
"DIOVAN (VA",16674.11
"OXAPROZIN",16631.39
"LIORESAL I",16609.56
"DENTA 5000",16608.37
"LARISSIA (",16605.95
"HYPERRHO S",16570.8
"CONCERTA 1",16514.73
"CPL HC CRE",16503.46
"TRIPHRO CA",16429.71
"ZEMBRACE S",16397.53
"PRENATE ES",16349.5
"PNV PLUS (",16336.04
"SINGULAIR",16220.06
"ATORVASTAS",16213.39
"PRIMAXIN 2",16201.46
"PURIXAN",16197.45
"DISULFIRAM",16055.31
"TOBREX OIN",16008.63
"LEVOCETIRI",15991.14
"MIDODRINE",15959.25
"NABUMETONE",15850.06
"DESONIDE O",15831.21
"SM EYE ITC",15818.68
"AZELEX (AZ",15775.54
"METHAMPHET",15713.93
"FENTANYL R",15646.15
"NUVIGIL 25",15642.72
"ALMOTRIPTA",15628.4
"20% PROSOL",15593.27
"CLINDEMYCI",15523.69
"SPINOSAD 0",15465.81
"PRENATE DH",15454.26
"ADDERALL T",15405.07
"ALINIA FOR",15392.58
"B/ASP/C 50",15294.92
"THIOTHIXEN",15217.1
"TEFLARO 40",15209.8
"ZIOPTAN 30",15200.23
"LOVAZA CAP",15194.58
"KLOR-CON 2",15190.05
"TROSPIUM U",15185.25
"PIMTREA .1",15113.74
"CEVIMELINE",15037.31
"ISOS DIN T",15025.44
"METHYPHENI",15007.93
"POLYETHELE",14985.98
"DESONIDE C",14954.24
"SEROQUEL 5",14935.94
"KLOR-CON O",14902.76
"SYNJARDY X",14885.84
"DAPSONE 10",14849.81
"ZOLPIDEM E",14834.62
"NAMZARIC 2",14728.06
"NIACIN ER",14726.58
"PILOCARPIN",14602.65
"NEUPRO 4 M",14596.65
"INVEGA 3 M",14565.08
"TACTINAL E",14559.41
"ZOLMITRIPT",14527.36
"OSPHENA (O",14483.95
"FIRMAGON 8",14382.77
"SULFATRIM",14377.22
"LOSARTAN/H",14314.34
"CHORIONIC",14281.91
"SULFADIAZI",14262.9
"PREVALITE",14235.45
"CONDYLOX 0",14213.34
"ENSKYCE 28",14201.39
"RILUZOLE F",14195.02
"E.E.S. GRA",14142.69
"DIPHENHIST",14129.02
"NEUPRO 8 M",13947.82
"MVC FLUORI",13946.27
"NEURONTIN",13924.92
"AMRIX 15MG",13923.78
"CLOT/BETAM",13904.92
"OXYCODONE-",13880.55
"HEALTHYLAX",13878.28
"FIBER-LAX",13876.12
"PHENYTOIN",13866.62
"VIDAZA (AZ",13853.65
"FORFIVO XL",13853.23
"DONNATAL E",13802.2
"PREVIFEM",13747.81
"CARTIA XT(",13740.54
"ESTRING VA",13660.77
"MONUROL",13658.76
"DIGOXIN 0.",13628.41
"ACARBOSE T",13619.35
"CEFTAZIDIM",13596.4
"SAFYRAL TA",13452.46
"CARISOPROD",13424.81
"ALTAVERA 0",13349.9
"HYDRO OT 1",13310.37
"VITAMIN K1",13256.49
"EDARBI 80M",13204.29
"PROMETHEGA",13188.77
"SULFASALAZ",13161.69
"PEG-3350 A",13146.18
"DICLOXACIL",13116.64
"MONOCYCLIN",13113.48
"PRENATAL V",13102.01
"UNASYN (AM",13089.35
"CAMRESE LO",12951.59
"NEXIUM 20M",12941.17
"ADDERALL E",12906.7
"ENTACAPONE",12794.05
"LAXATIVE E",12724.86
"BUPRENOFPH",12709.48
"XOPENEX 1.",12677.99
"OB COMPLET",12656.62
"TRAMADOL 5",12637.27
"PROGRAF 0.",12627.69
"RYTARY, 36",12612.43
"EPINASTINE",12599.69
"SAVAYSA (",12560.94
"CORDRAN TA",12522.41
"BANOPHEN E",12491.82
"NYSTATIN A",12408.49
"ATENOLOL-C",12359.26
"ETODOLAC 4",12350.22
"PRAZOSIN 1",12286.54
"FLUDROCORT",12217.44
"DIFLUNISAL",12214.33
"PORTIA-28",12171.26
"WARFARIN 5",12168.04
"ILEVRO SUS",12156.47
"TRETINION",12153.26
"SODIUM BIC",12125.06
"TESTIM (TM",12115.15
"LOSARTAIN",12035.04
"NAMENDA 10",12012.47
"VYVANSE CH",11998.97
"SM ALLERGY",11986.61
"MONONESSA",11933.41
"ORACEA 40",11913.05
"MOXIFLOXAC",11848.77
"CILOSTAZOL",11763.67
"NYSTAT-TRI",11718.31
"ISMN ER 30",11705.2
"ORSYTHIA",11691.48
"CHILD'S IB",11670.01
"ENALAPRIL/",11638.75
"NATAZIA",11623.52
"NADOLOL  8",11612.32
"AMCINONIDE",11604.1
"NICORELIEF",11579.23
"MORPHABOND",11571.54
"ASPIRIN-CH",11543.07
"ZOLPIDEM 5",11540.26
"FALMINA 0.",11533.26
"BEPREVE (B",11511.56
"ORTHO MICR",11485.13
"M-OXY TABL",11425.77
"MELOXICAM,",11425.05
"ACETIC ACI",11403.5
"AMETHIA TA",11293.11
"ACANYA GEL",11280.11
"PROTONIX T",11248.58
"ABACAVIR O",11199.21
"BENAZEPRIL",11154.93
"MEXILETINE",11137.47
"MIRVASO GE",11071.33
"LOSARTAN+H",11066.67
"NAFCILLIN",11029.68
"BENICAR (O",10874.83
"RASUVO 17.",10838.43
"1G/50ML CE",10829.76
"TYGACIL ND",10804.19
"ASPIRIN DI",10780.71
"RYTARY, 23",10761.08
"PITOCIN 10",10668.63
"IPRATROP B",10651.48
"GLIPIZIDE-",10648.02
"PRAVASATAT",10642.93
"DEXAMETHA",10639.55
"JUNEL FE-2",10630.47
"AMOXICILLA",10625.93
"ZIRGAN (GA",10552.91
"KELNOR TAB",10535.4
"AZASITE",10528.97
"MAXALT-MLT",10512.08
"PRAZOSIN 2",10484.12
"NIFEDIPHIN",10462.04
"QUILLIVANT",10442.27
"INDOMETHAC",10433.59
"SODIUM POL",10387.3
"DIOVAN  (V",10375.62
"XELODA 150",10359.07
"ETHAMBUTOL",10358.64
"BEYAZ",10349.3
"LDR IBU CH",10338.45
"Q-TUSSIN D",10298.12
"FENOFIRATE",10276.09
"CARNITOR (",10275.59
"PREDNISON",10265.44
"CRESTOR 5M",10259.62
"ZOMIG 2.5M",10231.51
"LITHIUM 8",10215.52
"RYTARY, 48",10202.37
"XTAMPZA ER",10168.01
"RHOPHYLAC",10138.2
"URSODIOL 5",10119.06
"NORETHESTC",10110.38
"ETODOLAC T",10101.92
"ARMODAFINI",10075.77
"ANASTROZOL",10061.05
"PROPAFENON",10048.2
"GABITRIL 4",10042.46
"DYANAVEL T",10002.64
"SEASONIQUE",9996.97
"KETOPROFEN",9992.34
"DESLORATAD",9988.77
"SM NICOT T",9980.28
"DIAZEPAM T",9950.26
"PAXIL O/SU",9914.33
"ZOHYDRO ER",9889.23
"GUAIFENESI",9866.04
"FENOFIBRIC",9849.1
"RAPAFLO 4",9823.81
"DAPSONE US",9796.73
"TORSEMIDE",9757.12
"NESINA 25",9726.21
"CONSTULOSE",9723.97
"SILADRYL A",9706.69
"DACOGEN 50",9681.95
"FAMCICLOVI",9680.87
"NORTRIPTYL",9659.08
"VESTURA (D",9645.1
"ETODOLAC 5",9619.04
"BALZIVA TA",9584.52
"ARCAPTA NE",9553.19
"BELBUCA 30",9549.36
"NUCYNTA (T",9388.2
"SRONYX  TA",9382
"KIONEX SOD",9372.75
"OXACILLIN",9366.99
"VALSARTAN-",9353.48
"SELEGILINE",9310.85
"ACTOPLUS M",9304.08
"TEKTURNA 3",9288.53
"SM ALCOHOL",9261.84
"PIROXICAM",9253.71
"COTEMPLA X",9251.46
"NADOLOL (2",9144.6
"CEFEPIME P",9126.52
"HEPARIN 50",9117.58
"PRENATAL P",9111.46
"DIGOXIN TA",9092.95
"GOLYTELY",9073.35
"GABLOFEN 5",9066.6
"POLY-VI-FL",9064.68
"DEPAKOTE 1",9048.99
"SELENIUM S",9043.66
"IMITREX TA",9035.82
"SCOPOLAMIN",9001.45
"TINIDAZOLE",8975.37
"ORAL SUSPE",8959.39
"CARBA SUSP",8955.27
"PANCREAZE",8939.77
"EDARBYCLOR",8937.67
"CORTIFOAM",8922.84
"DIFFERIN G",8915.7
"KLOR-CON 1",8866.73
"DOXAZOSIN",8834.93
"PBOS (LEVO",8834.43
"CARVEDILOL",8810
"OXYCODONE/",8779.78
"BPL DIVALP",8770.03
"COMPRO (PR",8757.45
"RAMIPRIL 1",8726.42
"MUCUS RELI",8700.82
"BICILLIN C",8689.31
"MIRAZAPINE",8684.21
"BLISOVI  F",8670.51
"RIFAMPIN",8568.78
"TRI-PREVIF",8563.43
"MICONAZOLE",8552.43
"DEPO-ESTRA",8531.87
"XADAGO TAB",8499.24
"LEVOFLOXAV",8479.79
"AMLO+VAL+H",8463.1
"METHENAMIN",8454.63
"PATANOL 0.",8433.41
"ITRACONAZO",8415.59
"SAVELLA TI",8404.88
"SENNA TABS",8392.14
"TRAMADOL T",8383.44
"AMOXICLLIN",8383.05
"QUFLORA PE",8381.1
"ATENOLOL 5",8379.83
"GLYCOPYRRO",8268.44
"DEPO-SUBQ",8228.52
"CEFIXIME O",8187.24
"PEG 3350,",8131.77
"PRISTIQ (D",8105.35
"IRBESARTAN",8077.39
"CIPRO ORAL",8063
"RETIN-A CR",8043.72
"DONEPEZIL",8025.3
"HYDORCORTI",8016.4
"CARBAMZEPI",7990.19
"TAMIFLU 45",7955.33
"OPTIVE SEN",7952.24
"RISEDRONAT",7948.49
"PREMPHASE",7944.99
"DIGITEK (D",7931.28
"DILAUDID 4",7906.82
"PLAVIX",7891.88
"ALCLOMETAS",7881.76
"LARIN 24 F",7865.33
"SAVELLA 12",7812.22
"KLONOPIN 1",7765.78
"VIRTUSSIN",7759.84
"ISDN 20MG",7721.24
"ELINEST 0.",7699.29
"RIFAMPIN C",7643.25
"DEXTROAMPE",7642.44
"ENEMEEZ PL",7626.73
"HYSINGLA E",7616.61
"ESZOPICLON",7565.47
"HABITROL N",7550.9
"CARBIDOPA/",7508.74
"DANTROLENE",7476.97
"RENAL CAPS",7449.59
"65 NATURAL",7433.7
"ACARBOSE 2",7391.88
"DOC SOD/ S",7390.07
"TEMAZEPAM",7309.93
"DUAVEE (CO",7303.64
"LESSINA TA",7291.84
"XALATAN SS",7277.03
"TRI-LO-EST",7270.69
"CALCIUM AN",7260.39
"DIAZEPAM 5",7238.19
"WARFARIN 1",7235.26
"TRI LEGEST",7223.71
"XOPENEX HF",7219.78
"AMOX C XR",7219.04
"PROLENSA (",7209.47
"Q-PAP EXTR",7183.97
"GENERESS F",7181.66
"ADZENYS XR",7166.69
"PYRAZINAMI",7160.94
"TRIAZOLAM",7152.23
"ALMACONE A",7102.19
"SETLAKIN 0",7102.02
"AMIKACIN 5",7092.66
"YASMIN",7082.99
"OMNARIS (C",7069.32
"ONGLYZA 5",7014.56
"ISDN 10MG",6955.49
"CARBI/LEVO",6947.18
"DIBROMM CO",6907.65
"KLONOPIN 0",6881.61
"PROPRAN 20",6873.51
"FOCALIN TA",6857.11
"DASETTA 1-",6853.06
"SUDAGEST 3",6848.66
"CIMETIDINE",6812.89
"BENICAR HC",6807.31
"FELODIPINE",6786.44
"DOBUTAMINE",6778.38
"SILVER SUL",6763.31
"DESONIDE L",6724.16
"ACETYLCYST",6708.93
"NULYTELY L",6679.27
"VIBRAMYCIN",6658.93
"ALVESCO (C",6653.12
"EXTENDED P",6645.08
"TRIAM/HCTZ",6641.04
"PREPOPIK",6631.66
"THEO-24 40",6625.51
"ILEVRO 3ML",6612.96
"TRIFLUOPER",6612.82
"NICOTINE 4",6593.19
"AMOCLAN 20",6554.68
"ETOLODAC X",6528.9
"CHERATUSSI",6514.53
"MIMVEY TAB",6503.08
"TACTINAL R",6495.66
"LUBRICANT",6479.93
"MULTI-VIT/",6460.21
"GOOD NEIGH",6442.04
"ALFUZOSIN",6430.44
"GUIATUSS",6427.01
"SENEXON-S",6421.05
"WARFARIN 4",6405.69
"NADOLOL (4",6399.44
"FML S.O.P.",6356.77
"FLECAINIDE",6341.19
"CARNITOR S",6329.24
"DELESTROGE",6324.24
"PIOGLIT+ME",6304.45
"OMEGA3 ACI",6299.6
"NP THYROID",6290.13
"TEKTURNA 1",6284.81
"DILANTIN 3",6261.56
"ZIDOVUDINE",6258.92
"LUTERA TAB",6249.85
"ROPINIROLE",6221.98
"SE-NATAL 1",6216.12
"RAMIPRIL C",6153.99
"MUCINEX 60",6131.4
"CYCLOSET 0",6114.19
"ZARONTIN C",6050.19
"NAPROXEN 3",6025.17
"RAMIPRIL 5",6021.78
"DARIFFENAC",6011.15
"Q-PAP (UNB",6003.94
"MAPAP CHIL",6001.08
"CALCITONIN",5981.57
"PRIMODONE",5921.92
"EZETIMIBE/",5919.77
"LIPITOR TA",5866.07
"CELLUVISC",5865.13
"BENTYL INJ",5857.23
"DIGOXIN 25",5852.89
"SODIUM SUL",5805.68
"BROTAPP LI",5786.31
"TESTERONE",5784.52
"XATMEP",5763.4
"COLOCORT",5738.1
"CELEXA  20",5724.9
"EQUETRO 10",5720.91
"ENPRESSE T",5713.48
"TIMOPTIC 0",5707.11
"BROTAAP LI",5700.97
"VITAFOL GU",5699.47
"CILOXAN",5657.06
"SENEXON NA",5647.52
"NORTREL TA",5643.31
"CORTROSYN",5638.16
"HM EYE ITC",5632.21
"ZORVOLEX 3",5626.37
"BICALUTAMI",5620.31
"EDARBI 40M",5619.42
"HYDROQUINO",5588.63
"AMOCLAN OR",5580.15
"NORLYDA (N",5557.73
"PSEUDOEPHE",5517.35
"SF 1.1% GE",5506.05
"KAITLIB  F",5483.61
"ETHOSUXMID",5476.27
"BETOPTIC S",5465.64
"HEALTH MAR",5442.89
"NADOLOL 80",5378.86
"SODIUM CIT",5372.24
"NYSTATIN S",5359.04
"QBRELIS (L",5349.39
"JOLESSA TA",5342.84
"CAPTOPRIL",5335.97
"TRAIMCINOL",5310.32
"BESIVANCE",5306.18
"DIABETIC S",5295.97
"DESETHEST",5290.97
"MINOCYLCIN",5276.72
"PET WHITE",5265.66
"RIFAMPIN 3",5248.2
"TUSSIN DM",5232.71
"RILUZOLE T",5229.38
"PHOSPHA 25",5211.11
"HYDROXYPRO",5201.75
"SENNA SYRU",5201.56
"BROMFENAC",5194.71
"LOSARTAN H",5173.85
"COLY-MYCIN",5147
"AZURETTE T",5130.03
"SUDAFED 12",5118.41
"DARIFENACI",5116.65
"BUPREN/NAL",5114.02
"LETROZOLE",5110.68
"PENTOXIFYL",5105.99
"NORVASC (A",5093.4
"LUBRICATIN",5080.49
"VELIVET TA",5080.11
"LORATIDINE",5044.91
"FAMCILCOVI",5038.5
"SODIUM FLU",5035.61
"ZINC OXIDE",5023.51
"OLMESARTAN",5016.93
"CANDESARTA",5008.98
"ATENOLOL 2",5006.07
"RENO CAPS",4997.14
"DILANTIN I",4972.45
"ASPIRIN -",4963.68
"DAYSEE  (L",4960.69
"SYSTANE UL",4952.13
"LOSARTAN &",4950.22
"GENERLAC S",4935.66
"ETODOLAC 3",4916.98
"DEXA INT .",4904.37
"MILK OF MA",4897.21
"NORTREL 7/",4887.89
"MYDAYIS 25",4884.36
"HYDROMET S",4872.06
"OTOVEL",4871.67
"METORPROLO",4869.81
"REGULOID S",4850.15
"ISOSORIBDE",4846.52
"SUPRAX CAP",4846.26
"GYCOPYRROL",4840.93
"OLMESTN/AM",4828.92
"GNP ALCOHO",4827.27
"RABEPRAZOL",4808.66
"PRAMIPEXOL",4770.19
"NEFAZODONE",4761.99
"MYDAYIS 37",4745.44
"DEMECLOCYC",4741.49
"AMIODARONE",4740.65
"ZURAMPIC (",4706.22
"TERBUTALIN",4701.03
"0.9% NACL",4686.03
"PIMOZIDE T",4671.75
"ZUBSOLV 0.",4670.38
"B/AP/CC50/",4661.49
"BELBUCA 15",4649.18
"CARBIDOPA",4634.78
"DIMAPHEN C",4627.94
"SYSTANE BA",4621.25
"VOL-TAB RX",4578.55
"WYMZYA FE",4575.59
"PIPERACIL/",4562.9
"TRIAMTEREN",4539.38
"OPIUM TINC",4516.12
"NICOTINE",4492.62
"NATURAL FI",4479.19
"LILLOW (NO",4475.5
"GRALISE 30",4475.35
"ORPHEN CIT",4465.41
"DIURIL ORA",4451.81
"TREXALL TA",4447.45
"LOVASTATIN",4382.35
"BUTORPHANO",4378.43
"NYSTATIN/T",4375.52
"ETODOLAC C",4355.67
"DAPSONE TA",4354.9
"SYSTANE UN",4353.22
"CHILDREN I",4332.01
"GLUCOPHAGE",4313.41
"OPCICON ON",4303.41
"VOL-CARE R",4272.19
"RENACIDIN",4242.81
"NIFEDICAL",4240.24
"BAC ZINC/P",4197.89
"BLEPHAMIDE",4177.31
"ALVESCO 80",4170.02
"HYDORCODON",4153.79
"ZALEPLON C",4147.42
"SYSTANE GE",4132.03
"ENDOCET 7.",4130.09
"IMIPRAMINE",4129.76
"ENDOCET TA",4126.25
"SIMETHICON",4121.38
"PRAZOSIN 5",4100.24
"THIORIDAZI",4097.63
"METHYLERGO",4095.47
"ELIGARD 7.",4094.84
"LASTACAFT",4067.04
"WARFARIN 6",4061.61
"JOLIVETTE",4049.56
"VALPROIC 2",4048.13
"ORTHO CYCL",4044.77
"BETHANECHO",4028.92
"DIAZEPAM 1",4015.81
"MYDAYIS 50",4014.95
"DENTAGEL B",4012.71
"BECONASE A",4001.77
"ASCOMP W/",4000.82
"RAMIPRIL 2",3982.67
"MATZIM LA",3980.22
"ISMN ER 60",3978.12
"SYEDA 3MG/",3956.6
"GNP ALLERG",3940.45
"MEFENAMIC",3935.45
"DAPSONE 25",3923.14
"NITRO- BID",3920.66
"URSODIOL 2",3915.96
"TRIAMCINAL",3912.71
"OCTREOTIDE",3906.11
"STERILE WA",3897.22
"CORTISPORI",3886.83
"ZATEAN PLU",3867.43
"CYTRA-K OR",3797.9
"WARFARIN 7",3748.25
"BIMATOPROS",3744.15
"CHILDRENS",3714.71
"PRIMIDONE",3708.84
"LOPREEZA (",3705.15
"ATELVIA DR",3692.22
"GENGRAF CA",3685.54
"NITCOTINE",3668.69
"NAPROXEN 2",3661.97
"GNP LICE C",3638.81
"PHARBETOL",3627.19
"LANTUS NOV",3596.67
"LORAZEPRAM",3566.36
"WARFARIN 3",3548.96
"FEVERALL A",3546.83
"PACERONE 4",3538.93
"CYTOMEL  5",3537.01
"KLONOPIN 2",3521.8
"CLINDESSE",3517.97
"CALC CARB",3504.26
"TELMISARTA",3493.36
"SOD CITRAT",3488.01
"ALREX (LOT",3484.67
"QUASENSE T",3464.71
"ORPHEN/CIT",3450.13
"AMILORIDE",3424.29
"DIPHENOX/A",3407.7
"EMOQUETTE",3406.53
"DROXIA",3387.02
"PHOSPH. IO",3369.02
"CHILD IBUP",3366.48
"CLORAZEPAT",3362.19
"DUCODYL",3356.49
"IFEX INFEC",3338.54
"DESIPRAMIN",3327.55
"NYSTATIN",3320.89
"ANTACID SU",3302.62
"PINDOLOL T",3302.07
"LEVORA TAB",3291.66
"PHENELZINE",3261.75
"LINDANE SH",3215.63
"NORETHIND-",3214.07
"AMETHYST 0",3198.07
"FYAVOLV  T",3197.17
"NICOTINE 2",3192.74
"SM ALLER&C",3187.51
"RULOX ANTA",3181.62
"FIBER TABS",3181.46
"VITAMIN A+",3177.24
"LARIN 1/20",3171.73
"ALMACONE D",3168.93
"PROMETH/VC",3168.35
"SALSALATE",3164.06
"SALICYLIC",3160.43
"PNV - SELE",3147.79
"FLEET ENEM",3131.88
"VIRT CAPS",3129.13
"GYNAZOLE 1",3123.62
"THEO-24 10",3100.44
"TRIHEXYPHE",3096.88
"ATENOLOL 1",3092.31
"NADOLOL TA",3084.25
"METHYLDOPA",3082.63
"CARTIA XT",3077.12
"RECLIPSEN",3075.17
"ZIAGEN ORA",3069.83
"TRIMETHOBE",3065.77
"MAXIMUM ST",3063.19
"SPIRIVA 5",3054.46
"EYE DROPS",3052.62
"SOTALOL TA",3033.5
"SULINDAC 2",3029.28
"MIRTAZIPIN",3010.91
"WERA 0.5MG",3009.42
"LACRI-LUBE",3002.99
"OPTIVE ADV",2997.47
"CELEXA 40M",2997.34
"EPIVIR TAB",2997.34
"PINDOLOL 1",2973.47
"EAR DROPS",2967.62
"PINEAPPLE",2960.02
"FELCAINIDE",2958.18
"HEALTHMART",2955.16
"VALACYCLOF",2950.5
"LARIN 1.5/",2947.53
"GLIMEPIRAD",2942
"WARFARIN 2",2941.7
"NATURES TE",2938.02
"MICARDIS(T",2902.4
"ALAWAY (KE",2901.08
"LOSARTAN 1",2881.9
"OLAPATADIN",2875.55
"ULTRA LUBR",2872.12
"MI-ACID",2856.23
"ENULOSE(LA",2837.99
"GNP IBUPRO",2835.91
"AMLOD/BENA",2827.44
"CAPTOPRIL/",2810.42
"NICODERM C",2781.25
"GLYB/METFR",2767.72
"PINK BISMU",2762.5
"ABREVA COL",2718.55
"DOK 100MG",2712.41
"PAXIL IR T",2709.4
"AMETHIA LO",2696.42
"DASETTA 7/",2691.75
"PROMETHAZO",2684.99
"DUTASTERID",2684.9
"LAYOLIS FE",2684.07
"SENNA TABL",2674.18
"ZARAH TABL",2673.2
"LOSARTAN-H",2669.53
"REGULAR ST",2666.94
"ETODOLAC E",2649.74
"VAGIFEM 10",2637.87
"PRED FORTE",2629.46
"VOL-PLUS",2621.42
"TRI-VIT/FL",2616.19
"GATIFLOXAC",2614.83
"TRI-VITAMI",2609.16
"GNP ARTIFI",2586.68
"NEO/POLY/B",2545.9
"ASPIRIN 5G",2515.18
"CABIDOPA A",2514.38
"BPL METRON",2503.28
"LINCOCIN 3",2492.57
"45% UREA N",2484.75
"CHILD ALLE",2483.99
"METHYLPENI",2475.22
"ORPHENADRI",2471.94
"ZALEPLON 1",2463.51
"EARWAX TRE",2458.6
"GEMZAR",2438.36
"LEVONEST T",2403.57
"REACT",2392.36
"ETODOLAC 2",2362.8
"TILIA  FE",2358.75
"GENTAK OIN",2356.76
"ISMN ER 12",2333.08
"CARDIZEM L",2328.67
"KLOR-CON S",2327.22
"Q-DRYL (AF",2313.24
"PEG3350 PO",2309.35
"GUIATUSSIN",2284.86
"ALL DAY AL",2259.57
"METHLYPHEN",2235.82
"GENTEAL SE",2207.96
"NATURAL VE",2204.1
"STREPTOMYC",2179.48
"CIPROFLOX",2171.34
"SM ASPIRIN",2163.93
"PROCTO-PAK",2162.58
"DISOPYRAMI",2135.64
"TRICITRATE",2133.85
"ERYGEL 2%,",2133.15
"Q-TAPP DM",2129.02
"CYCOBENZAP",2078.12
"ALUMINUM H",2057.24
"RIBAVIRIN",2053.26
"CHLOROQUIN",2043.77
"CALCIUM CA",2041.53
"SOTALOL HC",2035.25
"S/B DOCUSA",2018.61
"NECON 7/7/",2016.43
"TRIVIT/FLU",1991.37
"CHEWABLE A",1988.31
"APAP WITH",1977.3
"BISMATROL",1965.91
"ANTI-DIARR",1960.93
"HYOSYNE OR",1929.1
"ZOVIA  1/3",1927.86
"CEFACLOR O",1921.58
"TRIAMETERE",1920.92
"TRAIM ACET",1914.89
"GENTEAL EY",1903.14
"NATURAL BA",1899.81
"ALLERGY D-",1895.64
"CYCLOPENTO",1894.21
"OMEPR4ZOLE",1891.85
"INDAPAMIDE",1889.14
"ISIBLOOM 0",1869.47
"MI-ACID GA",1865.65
"FUROSEM 10",1855.26
"PHENYTEK 3",1850.42
"CYTRA-K CR",1840.13
"PNV 29-1 T",1828.16
"ZOVIA 1 MG",1810.51
"DIDANOSINE",1805.29
"PIRMELLA",1804.59
"SM LANSOPR",1802.09
"QUINAPRIL",1798.05
"SILACE LIQ",1792.3
"IMIPENEM-C",1788.8
"LOSARTAN/",1774.95
"GENTEAL TE",1774.67
"PHENYTOING",1772.04
"NICORETTE",1771.49
"ALLERGY RE",1761.72
"MORHPINE S",1757.05
"HYOSYNE EL",1752.38
"ASTEPRO 0.",1746.2
"CLARINEX S",1745.32
"MINTOX LIQ",1745.08
"INTROVALE",1742.28
"COMPLETE N",1735.51
"SM FEXOFEN",1732.7
"AMLO+OLME",1715.66
"ASPIRIN DE",1709.19
"Q NOL EXTR",1708.79
"CLOTRIM 3",1705.34
"PREDNICARB",1695.89
"IFEREX 150",1682.53
"CORVITA 15",1679.8
"NOR - BE 0",1678.55
"FLAREX",1672.48
"KURVELO",1668.02
"TRAMADOL-A",1661.36
"SILACE SYR",1654.67
"COLD AND A",1645.36
"TARON PREX",1637.4
"FLUORIDE C",1606.55
"AMLOD/OLME",1606.19
"MINOXIDIL",1604.08
"POLYCIN (B",1603.03
"OXAZEPAM C",1602.6
"NYSTATIN-T",1600.06
"12 HOUR NA",1589.17
"TRIAM/HCT",1583.19
"Q-PAP CHIL",1567.99
"ENDOCET, 5",1564.29
"SOLUBLE FI",1558.74
"DEXA SOL .",1543.22
"GNP NICOTI",1532.28
"DESPRAMINE",1523.95
"FOSINOPRIL",1522.07
"LOXAPINE S",1522.05
"K-PHOS ORI",1508.25
"TRILYTE WI",1502.96
"CDLD & ENT",1502.26
"GNP LORATA",1501.64
"DOC-Q-LAX",1495.96
"LUTERA   (",1489.23
"BPL GABAPE",1482.35
"FERRALET 9",1479.3
"JANTOVEN 5",1471.64
"REFRESH LI",1465.93
"S/B ENTERI",1453.74
"CAL-GEST A",1445.77
"ZENCHENT F",1442.64
"SUNMARK NT",1439.38
"CLINDAMCYI",1422.66
"FLUVASTATI",1422.27
"DIAZEPAM 2",1420.87
"LEVOXYL TA",1407.39
"Q-DRYL (A.",1403.61
"VIRT-PHOS",1403.61
"DOCUSOL MI",1402.89
"CARBIDOPA+",1400.8
"LUDENT FLU",1400.04
"TOPROL-XL",1399.91
"VITAMIN A",1385.89
"APAP/CODEI",1383.54
"TRIVORA  T",1382.37
"HYDRO LOT",1378.05
"FLUOXETENE",1375.51
"NEOMYCIN S",1363.13
"ERY 2% PAD",1351.41
"VIVELLE DO",1350.08
"ATHLETE'S",1347.83
"CLOPITOGRE",1345.4
"HYDROCORIS",1341.51
"METHYPLHEN",1336.47
"ANTACID WI",1333.44
"TRIAMTERIN",1327.57
"LAXATIVE S",1306.77
"PROBENECID",1299.42
"LICE AID S",1297.36
"MUCINEX CH",1294.91
"CICLPPIROX",1292.37
"JEVANTIQUE",1286.8
"TOLNAFTATE",1279.02
"IPRATROP/A",1272.04
"SM CHILD P",1256.77
"TAZTIA XT",1251.34
"SUDOGEST P",1246.84
"MAPAP 500",1239.24
"PRIFTIN (R",1224.54
"MURO 128 5",1224.27
"BETAXOLOL",1216.01
"SM EYE LUB",1215.05
"Q-TUSSIN (",1209.89
"GOLYTELY P",1202.13
"JENCYCLA",1196.1
"MUCINEX D",1192.45
"DOCU-LIQUI",1189.68
"FERRAPLUS",1179.15
"BUSPIRONE1",1178.9
"CALCIUM RE",1178.5
"MENEST TAB",1173.13
"CYCLAFEM 1",1170.47
"TRIAM/HTZ",1170.18
"TARON-C DH",1162.71
"EPIVIR ORA",1161.52
"ZATEAN CH",1159.83
"NEPHRON FA",1153.17
"ALMACONE C",1150.13
"METADATE E",1142.03
"POT CITRAT",1133.33
"VENLAXAFIN",1128.82
"PROTRIPTYL",1125.61
"TERAZOSIN",1119.05
"PHERPHENAZ",1119.03
"LICE TREAT",1111.38
"ACID GONE",1105.61
"CLEARLAX P",1103.54
"REG STRENG",1101.92
"DEXTROMETH",1100.83
"ZENCHENT",1093.31
"REGULOID C",1088.52
"SENNALAX-S",1073.63
"ENTRIC COA",1068.46
"MAX STRENG",1059.09
"CPL HC 1%",1039.67
"CHEST CONG",1027.49
"AMOX/CLAVU",1015.87
"ANASTRAZOL",1014.3
"NECON 1/50",1010.29
"CAPSAICIN",1010.29
"REFRESH PM",1009.14
"GLYCERIN P",1001.18
"FLURAZEPAM",998.66
"ETHYNODIOL",981.33
"GNP LANSOP",978.28
"NECON  0.5",978.14
"FLEET BISA",959.38
"HYDRO PLUS",955.4
"HM FEXOFEN",954.32
"PAIN RELIE",953.41
"VITAMIN D3",951.53
"1 FEREX 15",946.98
"CLEARLAX L",937.91
"INFANTS GA",930.62
"NITROSTAT",924.66
"CHLORHEXID",923.84
"CYTRA-2 SO",907.72
"SULINDAC 1",887.21
"LOXAPINE C",883.56
"RIFAMPIN 1",881.27
"8-HOUR ACE",880.99
"FLURBIPROF",878.58
"LOXAPINE 5",878.05
"MINTOX PLU",877.12
"LOSSARTAN",877.04
"ANTACID CH",869.26
"MEPERIDINE",861
"LDR ALLERG",856.6
"RELENZA DI",848.49
"NON-ASPIRI",847.02
"CARBIDOPA-",834.38
"ASPIRIN 32",831.56
"WATER STER",831.06
"APAP ARTHR",811.88
"CLOMIPHENE",800.28
"NICOTINE L",797.62
"BEZTROPINE",797.1
"CEFACLOR C",794.82
"LISIN/HCTZ",794.2
"ASPIRIN MC",789.87
"TRIMTHOBEN",784.88
"KLOR-CON 8",777.42
"BUSIPRONE",767.85
"GNP ACETAM",761.63
"CAZIANT  T",759.86
"PINDOLOL 5",757.71
"ESTROPIPAT",757.47
"SENNA AND",756.64
"IBU-200 WH",751.32
"CLEMASTINE",749.7
"JANTOVEN 4",743.87
"FEMYNOR (N",743.78
"JANTOVEN 1",734.88
"ISOPTO TEA",732.24
"KIMIDESS",722.18
"AFEDITAB",721
"NYSTATIN 5",719.41
"ROPRINIROL",718.08
"PROB/COLCH",713.85
"ANTACID W/",709.96
"ZALEPLON 5",708.45
"ASPIRIN AD",699.27
"GNP ANTI D",696.45
"ZENCHENT 0",695.08
"K-PHOS NEU",694.26
"K-EFFERVES",682.04
"MINTAX MAX",681.86
"REG STRNT",680.9
"CODEINE SU",680.42
"GNP GUAIFE",672.22
"VIRT-C DHA",670.8
"Q-DRYL ELI",668.79
"SUDOGEST 3",665.39
"PHARBEDRYL",664.42
"MURO 2% SO",662.3
"TEARS NATU",661.59
"METROPROLO",660.97
"AFEDITAB C",657.07
"NEO-POLYCI",656.52
"VYFEMIA TA",655.94
"SM FEXODEN",655.43
"COPPER TRA",651.82
"RIFAMPIN15",640.7
"FIBER LAXA",628.49
"CITRUCEL F",625.08
"INFANT APA",617.8
"ANTACID TA",608.74
"ARTHRITIS",607.77
"ARANELLE T",604.61
"TRIGELS-F",604.61
"FUNGOID TI",601.25
"TRIANTEREN",601
"LORCET HD",587.95
"BION TEARS",584.57
"CHERRATUSS",574.13
"IODROL NR",568.08
"NON ASPIRI",559.61
"IREBESARTA",558.53
"OSCIMIN SR",556.2
"HEMATOGEN",545.8
"GNP ZINC O",545.38
"LISINOPTIL",544.09
"AACETAMINP",543.42
"SYSTANE NI",541.95
"GNP TERBIN",540.12
"VITAMINS A",536.94
"MASANTI",531.64
"BISCOLAX 1",524.83
"LOSARTAN A",522.62
"HYDROCHLOL",519.86
"GNP ARTHRI",516.85
"PEPTIC REL",500.27
"ORIGINAL S",494.74
"FIBER THER",493.09
"LOSARTAN 2",493.04
"CHLOROTHIA",487.81
"COMPLETENA",482.1
"DRL CETIRI",481.82
"SM STOOL S",479.41
"SUDOGEST 6",478
"COUGH DM 1",477.53
"HM CLEARLA",475.83
"PHENYLEPHR",471.95
"POTTASSIUM",467.4
"CHILD ALL",464.83
"CALCIUM EX",463.98
"CITRUCEL C",456.03
"TRIPLE ANT",446.14
"MAPAP (ACE",443
"DOXEPIN 25",441.35
"BENOPHEN 2",439.95
"EXTRA STRE",439.03
"SENNA PLUS",431.82
"HCTZ- TABS",431.4
"SLEEP AID",425.65
"THEOPHLLIN",425.07
"ECPIRIN",419.37
"LOSARTAN T",411.6
"JANTOVEN 3",406.99
"ACEPHEN 65",405.22
"0.25 ACETI",402.67
"MAPAP 80MG",401.14
"LDR 8HR MS",400.19
"SOTALOL AF",396.66
"EAR WAX RE",393.62
"PANOXYL AC",384.2
"SULINDAC T",379.05
"ZEASORB-AT",378.51
"SENNA-TIME",378.15
"SENEXON LI",374.39
"COLD & ALL",374.37
"FLO CHILDR",369.73
"ANTACID FA",368.53
"PEDIATRIC",367.5
"POVIDINE S",360.8
"ESCALITOPR",359
"PEDIA LAX",344.27
"LICE KILLI",342.64
"TOPCARE LU",342.24
"GILDAGIA",339.65
"LDR LANSOP",338.38
"CLEARATADI",331.53
"ANTACID PL",329.13
"GNP DOCUSA",327.02
"TUSSIN CF",324.84
"LDR P/FVR",322.16
"CAMILA TAB",315.36
"ROBAFEN CF",315.19
"LOSARTAN K",314.68
"INFANTS' C",314.18
"HEMORRHOID",312.3
"GNP TUSSIN",310.97
"VALU-DRYL",305.39
"JR. STRENG",304.04
"MINERAL OI",303.8
"DIPHEDRYL",302.17
"LITH CARB",300.95
"FLEET LAXA",293.55
"KIDKARE CO",291.33
"SUPHEDRIN",290.83
"JANTOVEN 2",289.28
"TUMS PEPPE",288.76
"RYNEX DM",287.19
"CITRUCEL S",282.9
"SM LORATAD",280.84
"PHILITH 0.",280.26
"DOUBLE ANT",279.77
"LDR NICOTI",273.01
"LORCET HYD",272.1
"ANTACID LI",269.82
"BURPOPION",267.08
"PSEUDOPHED",265.93
"GAVISCON E",265.28
"SM CETIRIZ",264.73
"TOPCARE CH",263.22
"TRI FEMYNO",260.62
"CYCLAFEM 7",258.74
"PROVIL",258.57
"ENDACOF-DM",257.84
"TRIPLE MOI",255.64
"SENNOSIDES",255.01
"HCTZ- CAPS",254.67
"VIRT-VITE",253.73
"Q-TAPP ELI",253.11
"DOK PLUS T",252.4
"GAVISCON L",250.56
"ASPIRIN EN",250.28
"MUCINEX FA",248.17
"FERROUS SU",247.02
"506070% DE",246.63
"IBU-DROPS",244.82
"SULF NA/PR",240.78
"JUNIOR STR",237.77
"JANTOVEN 7",237.58
"DIAZEPAM C",237.51
"TUSSIN GUA",237.14
"ACEBUTOLOL",236.83
"SSKI",232.14
"AUBRA",229.26
"TUSSIN EXP",227.74
"GAS RELIEF",226.57
"MYTAB GAS",223.72
"MASANTI II",218.73
"LEVOBUNOLO",217.17
"SORE THROA",214.86
"VR CHILD'S",210.42
"INFANT IBU",210.34
"DELYSM EXT",209.73
"NASAL SPRA",207.71
"SULFAZINE",207.45
"BETASEPT S",205.39
"DOCUSATE C",205
"SEBEX SHAM",204.6
"TRANDOLAPR",201.28
"BPL LISINO",199.79
"ZADITOR",196.37
"CYRED (DES",195.41
"S/B ANTACI",195.19
"SENNA S TA",192.8
"LDR SLEEP",190.23
"Q-NOL 325M",186.55
"HEARTBURN",184.29
"MYZILRA",183.98
"CONCENTRAT",183.38
"DIOCTO LIQ",179.65
"ZEASORB JO",176.14
"LDR ALLER-",170.97
"TRIPLE ANI",166.55
"TRAZADONE",166.21
"LDR MUCUS",165.81
"KONSYL ORA",165.63
"COLACE CLE",163.23
"HYCODONE/A",162.16
"TOPCARE FE",161.95
"NASAL RELI",161
"SARNA SENS",159.9
"DIPHEN 2%",159.88
"LDR ADULT",159.65
"3 DAY VAGI",156.67
"FEMAZOLE",156.32
"ECPIRIN (B",155.2
"CGH/COLD D",153.84
"PAIN/FEVER",150.94
"UNITHROID",149.82
"DELSYM COU",148.23
"LDR PAIN R",146.82
"JANTOVEN 6",146.58
"MICONAZORB",144.59
"SENOKOT EX",144.19
"LDR IBUPRO",143.66
"GNP ANTI-D",143.57
"TRIAH/HTZ",142.98
"TIZINIDINE",137.24
"ZOFRAN INJ",134.45
"PURALUBE O",131.97
"NON-STAINI",131.75
"SANI-SUPP",131.68
"HM LORATAD",128.92
"CARISORPOD",125.93
"GLYCERIN S",125.52
"PERDIEM OV",123.98
"BISA-LAX L",123.75
"TL GARD",123.04
"LDR 8H ART",122.93
"MOTION SIC",122.4
"Q-DRYL",119.37
"METFORMINH",118.11
"LEADER CLO",117.39
"OXYMETAZOL",117.12
"LDR ASPIRI",114.31
"SM NAS SPR",109.89
"SUPHEDRINE",105.44
"SM APIRIN",104.8
"DESENEX AT",104.17
"BANOPHEN A",103.19
"LDR ARTH P",102.45
"DIALYVITE",102.17
"PREP-H, 2O",100.39
"HM CHILD I",96.83
"SM INF PAI",93.82
"ASPIRIN FC",90.13
"BISO/FUM/H",90.11
"ORGAN-I NR",85.34
"Q-TUSSIN L",84.87
"PEDIA-RELI",83.26
"MAPAP JR 1",82.52
"IOPHEN-DM",80.89
"SODIUM CAR",79.64
"CHLORPHENI",79.54
"PAIN REIEV",78.76
"CALAMINE L",78.6
"SM MINERAL",76.09
"LDR ACETAM",75.92
"ROBAFEN-AC",75.54
"ALLERGY  A",74.57
"INFANT PAI",73.41
"MEDIFIN 40",73.37
"STOMACH RE",73.29
"TRIPLE-A O",70.6
"8 HOUR ER",68.51
"SM GAS REL",64.88
"ADDED STRE",64.43
"SM ANTACID",61.1
"ULTRA STRE",59.33
"MAPAP 80 M",58.63
"GNP ASPIRI",58.12
"CITRATE OF",56.23
"ASPIRIN",55.88
"TRI-BUFFER",54.26
"INFANT GAS",53.44
"THERA-GESI",50.6
"COMPLETE A",50.57
"BETHAPRIM",48.09
"Q-PAP LIQU",47.47
"ASPIRIN TA",44.47
"PNV PRENAT",42.59
"KAO-TIN LI",38.84
"GNP PINK B",32.85
"GNP CHILDR",31.94
"DIMENHYDRI",30.99
"SM MILK OF",29.42
"APAP 325MG",25.86
"BISA-LAX 5",18.96
"GLIMEPRIDE",16.21
"ASPIRIN E/",15.86
"ADULT CHEW",13.88
"GRASTEK 28",0
"TAPAZOLE",0
"PAMELOR 50",0
"KAO-TIN 24",0
"PANOXYL FO",0
"ALTOPREV 2",0
"AMETHIA -",0
"ZENZEDI 5",0
"ADAGEN INJ",0
"MI-ACID DO",0
"2G IN 100M",0
"PROFILNINE",0
"AVC CREAM",0
"TOPAMAX 15",0
"GENGRAF 10",0
"AUBRA (LEV",0
"NIACOR",0
"PAIN RLF 5",0
"BP VIT 3 C",0
"TRICON CAP",0
"FERIVA FA",0
"VARUBI INJ",0
"ENBRACE HR",0
"SRONYX TAB",0
"VIRT PN PL",0
"GLYDO (LID",0
"PRAMOSNE C",0
"MYCAMINE 5",0
"TOPCARE CO",0
"S/B BISACO",0
"ZONEGRAN 2",0
"ENSTILAR A",0
"AMERGE TAB",0
"LEUKERAN",0
"O-CAL PREN",0
"BROMSITE O",0
"DESOXIMETH",0
"EPOPROSTEN",0
"ATACAND 32",0
"CYTOMEL 50",0
"ALOCRIL",0
"ZYCLARA 2.",0
"LEADER LAN",0
"ANU-MED SU",0
"A & D OINT",0
"NUVIGIL 50",0
"GLYBURIDE-",0
"STRENSIQ",0
"AIRDUO 232",0
"STIMATE NA",0
"PROVENGE (",0
"FARXIGA",0
"AK-SULF",0
"RETROVIR S",0
"TYLENOL W/",0
"ORFADIN 5M",0
"NEOMYC-BAC",0
"EXT STRENG",0
"DOXY DR 15",0
"SUPPOSITOR",0
"TREXIMET 1",0
"TETRACAINE",0
"SORILUX 0.",0
"NORCO 5/32",0
"NAXPROXEN",0
"CARDURA (D",0
"CALQUENCE",0
"ANAFRANIL",0
"OPANA ER 1",0
"LEVOTHRYOX",0
"LORCET PLU",0
"ZESTRIL 20",0
"VIRAMUNE 5",0
"GAS-X EXTR",0
"RIVELSA (T",0
"CIDOFOVIR",0
"ZALTRAP 10",0
"ZENATANE (",0
"NEUPRO 6 M",0
"CAPRELSA T",0
"MAXALT 5MG",0
"THRIVITE 1",0
"CYCLOGYL 0",0
"EXONDYS 51",0
"CLODAN KIT",0
"VIRACEPT T",0
"OTREXUP(ME",0
"ALORA 0.1M",0
"VASCEPA 50",0
"FLURANDREN",0
"HM NASAL D",0
"VITAMIN B",0
"CYSTAGON 1",0
"NORPACE CR",0
"VIOKACE 10",0
"PREFEST TA",0
"MULTI-VITA",0
"ADRENALIN",0
"ZANOSAR",0
"STROVITE O",0
"FORMALDEHY",0
"VIREAD 150",0
"ERY-TAB 50",0
"ENLYTE",0
"CUTIVATE",0
"PREGNYL (C",0
"2.5% DEXTR",0
"PNV FE FUM",0
"GAS-X ULTR",0
"UPTRAVI (S",0
"AVALIDE 30",0
"HELIXATE F",0
"DERMA-SMOO",0
"FETZIMA TI",0
"S/B CHLORP",0
"GNP EYE DR",0
"BP 10-1 WA",0
"METRO IV (",0
"TOBRADEX S",0
"ELIXOPHYLL",0
"ACID CONTR",0
"VIRAMUNE T",0
"BLETROZOLE",0
"TUSSIN MS",0
"BENEFIX RT",0
"SUPRAX (CE",0
"FORTAMET 5",0
"HYDROMOREP",0
"SENNA S PL",0
"DORYX-MPC",0
"ACLCYOVIR",0
"MIGLITOL 2",0
"EXFORGE FC",0
"NATPARA, 5",0
"NOVAPLUS C",0
"APLENZIN 3",0
"PRAMOXINE",0
"CHOLESTRAM",0
"ALLERGY TA",0
"EZETIMIBE&",0
"0.25% ACET",0
"TACLONEX T",0
"AVALIDE 15",0
"DONNATAL T",0
"COREG CR C",0
"ZOFRAN TAB",0
"GONITRO",0
"COZAAR 25M",0
"VELTIN GEL",0
"RINGER'S L",0
"LOESTRIN F",0
"MAX STRT C",0
"ATROPINE O",0
"ALPHANATE",0
"LDR NASAL",0
"SUNMARK UR",0
"HALDOL DEC",0
"TRIXAICIN",0
"ED APAP LI",0
"TILIA FE T",0
"ZYBAN TAB",0
"PHENASEPTI",0
"FE W/VIT C",0
"AFINITOR D",0
"DEMSER 250",0
"ULTRAM (TR",0
"NOXAFIL PO",0
"BETAPACE 1",0
"AVAPRO 300",0
"NISOLDIPIN",0
"DOXEPIN 75",0
"POLOCAINE",0
"THALOMID (",0
"EXTINA FOA",0
"FLOLAN FOR",0
"LOW DOSE A",0
"DORIPENEM",0
"DUTOPROL 1",0
"IMFINZI, 1",0
"DDAVP 0.1M",0
"TOPETECAN",0
"LAMISIL AF",0
"AZOR 5/40M",0
"ZENZEDI 15",0
"WYMZYA  FE",0
"O-CAL FA",0
"LANOXIN IN",0
"CRESEMBA 3",0
"DOTAZONE T",0
"DIABETIC M",0
"ISOPROPYL",0
"HYGIENIC C",0
"ESCAVITE",0
"BUTENAFINE",0
"ELESTRIN G",0
"PRILOSEC F",0
"RAJANI 3/.",0
"SECURA PRO",0
"LIPOFEN",0
"S/B LORATA",0
"CLADRIBINE",0
"IDELVION 2",0
"RELISTOR 1",0
"AMARYL 4MG",0
"OLME/AMLO/",0
"LENVIMA 10",0
"MORGIDOX 1",0
"BRINTELLIX",0
"OVIDREL PR",0
"SALACTIC F",0
"SCALPICIN",0
"ONCASPAR (",0
"XERMELO",0
"DIFLUCAN (",0
"C-NATE DHA",0
"MILLIPRED",0
"LATUDA 40M",0
"CEPACOL MA",0
"REMERON (M",0
"CLENPIQ SO",0
"BENZAEPRIL",0
"NESINA 12.",0
"OXISTAT LO",0
"S/B IBUPRO",0
"HAEGARDA 3",0
"LDR CHD CG",0
"DOXIL 20MG",0
"PENTOBARBI",0
"TUSSIN 400",0
"GOCOVRI",0
"SIGNIFOR L",0
"ZOCOR 40MG",0
"DILAUDID 2",0
"SAMSCA 15M",0
"PROTONIX P",0
"CALCIUM PO",0
"PROCAINAMI",0
"OCALIVA 10",0
"ANIFUNGAL",0
"HAEGARDA 2",0
"SUDOGEST C",0
"CHATEAL",0
"RYTARY, 61",0
"JANUVIA TA",0
"RASUVO 22.",0
"PRECOSE 25",0
"RAGWITEK 1",0
"SILIQ INJE",0
"HYPERRHO M",0
"LDR COUGH",0
"ESGIC TABL",0
"ZELAPAR OD",0
"SM ACID RE",0
"TYGACIL 50",0
"ORACIT",0
"GAS-X CHEW",0
"LODOSYN 25",0
"MOEXIPRIL",0
"ILUVIEN",0
"MAFENIDE A",0
"ZENZEDI 30",0
"VIVLODEX",0
"ALPROLIX 5",0
"VYTORIN 10",0
"CAPEX SHAM",0
"TRAMADOL A",0
"DESONIDE",0
"HYQVIA 10",0
"HYPERRHO-D",0
"PREVYMIS 4",0
"FANAPT 1MG",0
"NESTABS AB",0
"FELODINPIN",0
"NULYTELY F",0
"KONSYL 6GM",0
"ARALAST NP",0
"PRENAISSAN",0
"PAMELOR 10",0
"SOMAVERT 1",0
"VIIBRYD ST",0
"SOLOFUSE 2",0
"PHENLYEPHR",0
"BELBUCA 60",0
"IMITREX NA",0
"ANTARA 90M",0
"CEREBYX (F",0
"GLUCOTROL",0
"ZYPREXA RE",0
"THERAFLU E",0
"ALPROLIX 1",0
"ZUPLENZ 4M",0
"LAXATIVE B",0
"RELISTOR 8",0
"ZIPSOR",0
"ZARAH 3 X",0
"VERAMYST N",0
"CHENODAL",0
"SOLODYN 80",0
"DEPEN TITR",0
"LYZA",0
"NOREE0.180",0
"ZOVIRAX OI",0
"MITOXANTRO",0
"MOBIC (MEL",0
"EVISTA 60M",0
"TEXACORT",0
"HALOG OINT",0
"JEVTANA 60",0
"CESAMET CA",0
"DOTHELLE D",0
"SEEBRI NEO",0
"MIRAPEX 1M",0
"VIRT PN",0
"TRIMIPRAMI",0
"HEPARIN 1,",0
"ORFADIN 10",0
"QUINAPRIL/",0
"EGRIFTA",0
"RAPAMUNE .",0
"CARBIDOPA,",0
"TRICARE PR",0
"EVISTA",0
"GNP STOOL",0
"PENTAZOCIN",0
"PARSABIV (",0
"FLORIVA .2",0
"TARGRETIN",0
"TESTOPEL 7",0
"ALOSETRON",0
"RYDAPT SOF",0
"SEROQUEL (",0
"MICARDIS H",0
"LOVENOX  6",0
"GLYCOLAX O",0
"LOVENOX PR",0
"OCTAGAM 5%",0
"DOCU LIQUI",0
"OSENI 25MG",0
"PREFERAOB",0
"HYLENEX RE",0
"BURN RELIE",0
"VITAFOL FE",0
"EX-LAX MAX",0
"TOPCARE LI",0
"CEFOTAXIME",0
"ACTOS (PIO",0
"NIGHTTIME",0
"ELITEK 7.5",0
"K-TAB 10ME",0
"PCE 500MG",0
"ZEGERID 40",0
"DDAVP .01%",0
"FLUTAMIDE",0
"TIVORBEX 4",0
"MIGLITOL 5",0
"CARTEOLOL",0
"ATIVAN 1MG",0
"PICATO 0.0",0
"NEORAL SOL",0
"CLOBEX SPR",0
"PHENYTEK 2",0
"ZENATANE C",0
"LOVENOX  8",0
"ZIAGEN TAB",0
"OTREXUP IN",0
"FEIBA 1750",0
"CELEBREX 4",0
"DIFLUCAN 1",0
"COMETRIQ 6",0
"LENVIMA 20",0
"COMBIVIR T",0
"AVODART CP",0
"ZOFRAN ODT",0
"MENTAX (BU",0
"AMBIEN 5MG",0
"FENTORA 60",0
"BUNAVAIL 2",0
"RAPAMUNE 2",0
"ISTALOL (T",0
"DONNATAL G",0
"TAXOTERE 2",0
"LUZU CREAM",0
"BRIVAIACT",0
"WINRHO SDF",0
"IXEMPRA 15",0
"ZONALON  (",0
"COAGADEX C",0
"ORFADIN 2M",0
"PERTZYE 16",0
"PREMIER PR",0
"BPO 6 FOAM",0
"FLOMAX(TAM",0
"ROSADAN GE",0
"ARYMO ER 1",0
"NAPRELAN T",0
"HEPARIN 5,",0
"1G BACTOCI",0
"MAPAP COLD",0
"RESCRIPTOR",0
"GLYSET 100",0
"AYGESTIN T",0
"CALLERGY C",0
"COLYTE W/F",0
"CLARINEX T",0
"DDAVP .2MG",0
"NATPARA, 1",0
"FLUDARABIN",0
"GELNIQUE G",0
"ERY-TAB 33",0
"NIVA-FOL -",0
"INFUVITE A",0
"APTIVUS (T",0
"XYNTHA 500",0
"OXALIPLAT",0
"LUMIZYME -",0
"KANUMA",0
"GLYSET 50M",0
"AZURETTE 0",0
"SYMPROIC (",0
"TEARS PURE",0
"SIMPONI UL",0
"COLD HEAD",0
"BILTRICIDE",0
"IDARUBICIN",0
"COUGH DM E",0
"ILARIS  VI",0
"AMLOD/HCTZ",0
"FOOT PWD 2",0
"ADYNOVATE",0
"SUBSYS",0
"INVEGA PAL",0
"MEDROL (ME",0
"ENALAPRIL-",0
"IDELVION 5",0
"ZYFLO CR",0
"XANAX XR 1",0
"UROXATRAL",0
"XERAC AC",0
"ANZEMET (D",0
"ISRADIPINE",0
"CIPRO 500M",0
"CRIXIVAN 4",0
"KENALOG SP",0
"PAMIDRONAT",0
"THALOMID(T",0
"INTRON A I",0
"SARAFEM 20",0
"ZENZEDI 20",0
"CANCIDAS I",0
"KONSYL FIB",0
"REBIF TITR",0
"SAIZEN CLI",0
"S/B HYD/CO",0
"CLEOCIN PH",0
"LENVIMA 24",0
"APRODINE",0
"PEPCID TAB",0
"DIVIGEL (E",0
"MOZOBIL 24",0
"CYTARABINE",0
"BUNAVAIL 4",0
"PRIMACARE",0
"NORTHERA 2",0
"SALICYLIIC",0
"METHOXSALE",0
"NEVANAC",0
"VITAMIN A,",0
"VIREAD 200",0
"TUMS EXTRA",0
"SM HYDROGE",0
"DOXY 100 (",0
"APLENZIN 1",0
"LINCOMYCIN",0
"GNP WART R",0
"SITAVIG",0
"K-PHOS NO.",0
"NEUPRO 1 M",0
"SANDIMMUNE",0
"TL  G-FOL",0
"VP HEME OB",0
"IDHIFA (EN",0
"CRITIC AID",0
"ZOVIA 1/35",0
"DIOVAN TAB",0
"PROCORT",0
"FENTANYL 5",0
"THERAPEUTI",0
"NONDROWSY",0
"EXTRA MOIS",0
"FEM PH VAG",0
"0.15% KCL",0
"TUSNEL DIA",0
"VITAFOL NA",0
"ACETOMINOP",0
"KETEROLAC",0
"EYE CARBOX",0
"HCTZ CAPS",0
"SSS 9.8/4.",0
"EMADINE",0
"DAUNORUBIC",0
"S/B SLEEP",0
"ZESTRIL 40",0
"MICORT-HC",0
"FLO CHILD",0
"TECENTRIQ",0
"LEVOCETERI",0
"ADMELOG SO",0
"CORVITE FR",0
"MINIVELLE",0
"TROPICAMID",0
"ACZONE 5%",0
"PENTAZ/NAL",0
"ORTHO-NOVU",0
"PEGASYS 18",0
"FEMARA TAB",0
"CPL ARTHRI",0
"ZENZEDI 2.",0
"ZOMETA VL",0
"ANTI DIARR",0
"SOMAVERT 2",0
"EPIFOAM 10",0
"NUVIGIL 15",0
"SIVEXTRO 2",0
"ALUNBRIG 3",0
"CLOCORTOLO",0
"ZOCOR 80MG",0
"ATIVAN INJ",0
"ACID REDUC",0
"LAXATIVE F",0
"APAP 500MG",0
"MIGLITOL 1",0
"SEMPREX-D",0
"HYCAMTIN(T",0
"OTREXUP 12",0
"FIASP FLEX",0
"BENSAL HP",0
"SYLATRON K",0
"ZYVOX IV S",0
"ACTIMMUNE",0
"AMICAR 100",0
"CARDIZEM 6",0
"ANTISEPTIC",0
"LDR NIGHTT",0
"TAXOTERE 8",0
"COLACE 100",0
"PERINDOPRI",0
"LDR PAIN/F",0
"COZAAR 100",0
"MIGRAINE F",0
"MIGERGOT",0
"IMIPENEM C",0
"ZERBAXA 1",0
"LEVAL INH",0
"GNP SORE T",0
"CINQAIR 10",0
"ZARONTIN S",0
"LDR LORATA",0
"NATROBA (S",0
"NAFTIN CRE",0
"REQUIP(ROP",0
"VIDEX EC",0
"SOLODYN 10",0
"DF CHILDRE",0
"DYSPORT (A",0
"VEREGEN OI",0
"ACTIQ 200M",0
"VENTAVIS (",0
"S/B HYDROC",0
"NIACIN 500",0
"DEXEDRINE",0
"NATPARA, 7",0
"SOLODYN 65",0
"SORILUX .0",0
"NAMENDA 5M",0
"ROSADAN CR",0
"PROSTIN VR",0
"NORTHERA 1",0
"LATUDA 80M",0
"AXIRON",0
"ISONIAZED",0
"MIRAPEX 0.",0
"LEUPROLIDE",0
"TOLMETIN S",0
"SAL-PLANT",0
"ZONALON (D",0
"ALPROSTADI",0
"PRANDIN 2.",0
"GLYSET 25M",0
"ALDACTONE",0
"LOVENOX 30",0
"OPANA ER 2",0
"CORVITE 15",0
"VALCHLOR (",0
"AFREZZA 60",0
"BEKYREE TA",0
"VARUBI",0
"ALDACTAZID",0
"VIRT NATE",0
"GLUCAGEN 1",0
"SKELAXIN 8",0
"PAMELOR CA",0
"JUXTAPID 4",0
"SERNIVO EX",0
"LDR SORE T",0
"PAPAVERINE",0
"ADEMPAS 2M",0
"XYLOCAINE",0
"DEHYDRATED",0
"MYSOLINE P",0
"LEMTRADA 1",0
"CEFACLOR E",0
"ATACAND 8M",0
"LAXATIVE P",0
"SPINRAZA (",0
"ADEMPAS 1M",0
"ORFADIN OR",0
"MYCAMINE 1",0
"TRUVADA 16",0
"DANAZOL 20",0
"BLUE GEL M",0
"ERIVEDGE 1",0
"PRENATE RE",0
"ALLI, ORLI",0
"TRELSTAR 1",0
"PACERONE 2",0
"ARICEPT",0
"DIBROMM PE",0
"VANATOL S",0
"EES-400 FT",0
"MUSCLE RUB",0
"TARCEVA 25",0
"SOD FERRIC",0
"TROSPIUM",0
"DIOVAN HCT",0
"FLUCYTOSIN",0
"FOSAMAX ON",0
"PRIMAQUINE",0
"IBUPROF IB",0
"CERDELGA (",0
"ALPHANINE",0
"CALAN SR 2",0
"VIBATIV (T",0
"PRANDIN 1.",0
"SENOKOT S",0
"BELBUCA 90",0
"EPIDUO PUM",0
"ZOFRAN ORA",0
"ARIMIDEX 1",0
"FIORINAL U",0
"QUESTRAN R",0
"MICARDIS (",0
"SPRITAM 50",0
"LDR TUSSIN",0
"LAMISIL AT",0
"ACTIVE OB",0
"VP HEMI ON",0
"FORTESTA (",0
"DIFFERIN C",0
"CORVITA",0
"DEMEROL CI",0
"FLUCCINONI",0
"MODAFINAL",0
"HM STOOL S",0
"DILAUDID 8",0
"ESBRIET -",0
"ACTONEL 15",0
"PREVYMIS 2",0
"VISUDYNE 1",0
"AVAPRO 75M",0
"TRICOR TAB",0
"TRAMDOL TA",0
"JUXTAPID 2",0
"TOPCARE IB",0
"KIONEX, SO",0
"GNP NAPROX",0
"BELBUCA 45",0
"LDR MICONA",0
"NAPHAZOLIN",0
"CEFIXIME 2",0
"PEPCID 20M",0
"ANUSOL-HC",0
"TRIPTODUR",0
"MACROBID 1",0
"TOPCARE",0
"FLEET MINE",0
"MEDROL 4MG",0
"JANUMETXR",0
"TRAVOPROST",0
"LDR CHEST",0
"POVIDONE I",0
"AMETHIA",0
"SM PAIN RE",0
"HYZAAR 100",0
"MS CONTIN",0
"TRELSTAR 3",0
"ARICEPT 10",0
"NEUTRAL SO",0
"FIASP VIAL",0
"NEOMYCIN 4",0
"JETREA (OC",0
"PENTAM 300",0
"ESGIC CAPS",0
"THROMBATE",0
"BUPIVACAIN",0
"TABTUSSIN",0
"FIBER-CAPS",0
"TRIENTINE",0
"EMEND 80MG",0
"GABLOFEN 1",0
"TOPICORT S",0
"ZYLET OPHT",0
"TRISTART D",0
"ELOCTATE 3",0
"SOTYLIZE (",0
"ROXICODONE",0
"QUININE SU",0
"NAFTIN GEL",0
"EURAX CREA",0
"LANOXIN TA",0
"LOPRESSOR",0
"TUMS ULTRA",0
"SUBOXONE F",0
"OTFC LOZEN",0
"PERI-COLAC",0
"DIBUCANE O",0
"APLISOL 1M",0
"NUWIQ",0
"HALDOL (R)",0
"MIRAPEX ER",0
"HALOG (HAL",0
"VANATOL LQ",0
"LAXATIVE T",0
"RITALIN HC",0
"FLEBOGAMMA",0
"PERCOCET 7",0
"DITROPAN X",0
"EAR WAX SY",0
"EMEND 125M",0
"VIMIZIM",0
"ESBRIET 80",0
"RADICAVA (",0
"GALZIN CAP",0
"GNP ACETOM",0
"GEODON IM",0
"BAZA ANTIF",0
"COREG(CARV",0
"ORBACTIV",0
"NAUSATROL",0
"HM GLYCERI",0
"DUTOPROL 5",0
"ESTROSTEP",0
"SINEMET CR",0
"NADOLOL (",0
"PERTZYE 8,",0
"APAP 160MG",0
"NESTABS ON",0
"CETYLEV 50",0
"TUMS CHEWY",0
"LUPANETA 1",0
"ZOSYN 2.25",0
"OSCIMIN OR",0
"EES 400 UN",0
"ALINIA 500",0
"ACIPHEX SP",0
"ENDARI",0
"GLYCOPRRYO",0
"PROSCAR 5M",0
"FOLIVANE-O",0
"CYTOTEC 20",0
"IMITREX 6",0
"BPO 4% GEL",0
"CORTISONE",0
"CIMZIA STA",0
"ACTIVASE (",0
"BP CLEANSI",0
"EPIRUBICIN",0
"AFREZZA 12",0
"DIBROMM DM",0
"FOSRENOL 7",0
"MIMVEY LO",0
"PANHEMATIN",0
"PROTAMINE",0
"CHLORPROPA",0
"BEBULIN FA",0
"PHOSLYRA",0
"ZURAMPIC 2",0
"RIBASPHERE",0
"PREPOPIK -",0
"ABSTRAL 20",0
"TUSSICAPS",0
"SPRIX",0
"CARBAGLU T",0
"ZYCLARA",0
"CYCLOSERIN",0
"MEDIFIN DM",0
"SAIZEN SOM",0
"DESONATE (",0
"ZOMIG-ZMT",0
"CARDIZEM C",0
"VASOTECT 1",0
"MESTINON T",0
"GABAOENTIN",0
"CALCIUM DI",0
"TUMS FRESH",0
"ANTACID X/",0
"APAP/DIPH",0
"VALPROATE",0
"TL ICON",0
"TYDEMY  (D",0
"DIPENTUM 2",0
"NATPARA, 2",0
"JADENU SPR",0
"NIMODIPINE",0
"OMIDRIA 1%",0
"EMBEDA (MO",0
"KRYSTEXXA",0
"GAMMAPLEX",0
"NAMZARIC T",0
"CLIMARA: E",0
"DUTOPROL 2",0
"ATIVAN 2MG",0
"LEVORA 0.1",0
"BELLADONNA",0
"QUDEXY XR",0
"DYRENIUM 1",0
"TAZICEF (C",0
"IOPHEN-C N",0
"AMABELZ  (",0
"ADENOSCAN",0
"HYQVIA 20",0
"CYTOVENE V",0
"ELLENCE 20",0
"GASTROCOM",0
"PAROMOMYCI",0
"CYCLOGYL 1",0
"ETHACRYNIC",0
"GAVISCON C",0
"METOPRLOL",0
"SYMBYAX",0
"DELSYM EXT",0
"LDR MOTION",0
"TREANDA 10",0
"PROPARACAI",0
"DIAZEPAM O",0
"SAVAYSA(ED",0
"MY CHOICE",0
"HETLIOZ",0
"GNP COLD H",0
"FUROSEM 40",0
"FOSAMAX PL",0
"SODIUM PHO",0
"PAXIL CR T",0
"15MG REMER",0
"AVELOX I.V",0
"DEPO PROVE",0
"CEFEPIME I",0
"EXFORGE HC",0
"XERESE CRE",0
"ULTRACET",0
"RIMANTADIN",0
"MINIVIELLE",0
"PORTRAZZA",0
"ATACAND HC",0
"LITHOBID (",0
"CALCITRENE",0
"LDR TNS HA",0
"CIPRO IV",0
"FIORICET 5",0
"TIKOSYN CA",0
"NATIFINE H",0
"ELELYSO (T",0
"TENORMIN 2",0
"10% DEXTRO",0
"EVOCLIN (C",0
"EVOFLOXACI",0
"DURACLON 1",0
"ALORA 0.07",0
"VIREAD 250",0
"DELSYM DAY",0
"ZERIT",0
"CELONTIN 3",0
"FORTAMET 1",0
"AVITA CREA",0
"MYALEPT 11",0
"GNP MUCUS",0
"ALPROLIX 3",0
"LDR HEADAC",0
"PENIVILLIN",0
"NEO POLY B",0
"PERCOCET 5",0
"TOPCARE NI",0
"GAMMAKED 1",0
"ROBAFEN CO",0
"GLUCAGON F",0
"PROPANTHEL",0
"ALL-NITE C",0
"AZILECT (R",0
"LACRISERT",0
"NAMZARIC 7",0
"FEMRING 0.",0
"SIGNIFOR A",0
"AKYNZEO",0
"ANGELIQ 0.",0
"TRETTEN",0
"CARBIDO/LE",0
"KITABIS PA",0
"ZEGERID 20",0
"ACUVAIL",0
"IMURAN (AZ",0
"XOPENEX 0.",0
"VINORELBIN",0
"AZACTAM",0
"DIGOXIN OR",0
"PATANASE",0
"SB NAPROXE",0
"BELBUCA 75",0
"ELIGARD 30",0
"LEVEE.15/.",0
"ISOTRETINO",0
"HM MUCUS R",0
"PROPRACAIN",0
"DEPAKENE C",0
"LOTREL CA",0
"INTRON A H",0
"ALINIA (NI",0
"DETROL 2 M",0
"ANTARA 30M",0
"UREA HYDRA",0
"CEFIXIME 1",0
"IRESSA 250",0
"ZINBRYTA I",0
"MATULANE (",0
"NORETHEST",0
"DURAMORPH",0
"HYQVIA 5 G",0
"DESOXIMEAT",0
"GABITRIL 2",0
"TRILIPIX (",0
"MAXALT 10M",0
"HEPARIN 10",0
"PRAVACHOL",0
"VP-ZEL TAB",0
"COZAAR 50M",0
"FOCALGIN C",0
"TENORMIN 5",0
"NEUPRO 3 M",0
"KISQALI 20",0
"CICLODAN",0
"COUGH TAB",0
"DIGOXINE 0",0
"0.8% LIDOC",0
"LDR NTM SV",0
"PRENATE EN",0
"MYOBLOC",0
"PREMIER CY",0
"AFREZZA 30",0
"MACRODANTI",0
"SSS 10-5 1",0
"PACERONE 1",0
"EXELDERM C",0
"XANAX XR .",0
"PERTZYE 24",0
"COARTEM TA",0
"GLUCAGON 1",0
"ZETONNA HF",0
"CALPHRON",0
"ALYACEN 7/",0
"MORGIDOX 2",0
"ERTACZO CR",0
"KETALAR C-",0
"NATURALAX",0
"BYVALSON 5",0
"DIOCTO SYR",0
"GNP APAP D",0
"MIRCETTE T",0
"PREPLUS",0
"TUSSIN MAX",0
"TRISENOX I",0
"BUPROPRION",0
"RIOMET STR",0
"FENTORA 80",0
"FIRMAGON 2",0
"LITHIUM OR",0
"DOXY DR 75",0
"VANTAS (HI",0
"ASCORBIC A",0
"TRI-LUMA C",0
"ADEMPAS 1.",0
"MIACALCIN",0
"DEXTROSE I",0
"PREMARIN I",0
"BYDUREON",0
"XIMINO EXT",0
"ZOSYN (TAZ",0
"TOLAZAMIDE",0
"ELOCTATE 6",0
"CASTELLANI",0
"ERYTHROCIN",0
"RESTORIL 3",0
"GILDESS FE",0
"TIGAN 100M",0
"RUBRACA",0
"NASAL DECO",0
"ALLERGY CR",0
"FOLOTYN 20",0
"TALTZ 80MG",0
"CORTEF 5MG",0
"ECONTRA EZ",0
"ENEMA TWIN",0
"GALANTAMIN",0
"PROTOPIC 0",0
"EPIVIR HBV",0
"MIGRAINE P",0
"MECLOFENAM",0
"MENOSTAR",0
"FABB",0
"VIEKIRA XR",0
"ZYPREXA ZY",0
"BUPHENYL P",0
"EVAMIST (E",0
"FANAPT TAB",0
"FLORIVA PL",0
"0.45% SODI",0
"KAZANO 12.",0
"LOSARTANN",0
"INFANT'S S",0
"CEFIXIME F",0
"ACETAM 650",0
"TRIGLIDE F",0
"DETROL 1MG",0
"TOBI AM 30",0
"ZOSYN (PIP",0
"CELEBREX 1",0
"RASUVO 10",0
"STELARA 13",0
"APRACLONID",0
"SOLODYN 11",0
"WHITE PETR",0
"UTIBRON NE",0
"GLUCOVANCE",0
"LONG ACTIN",0
"VERZENIO",0
"LARTRUVO 1",0
"ERWINAZE (",0
"ENDOCET 2.",0
"MAXIDEX",0
"ERY-TAB DE",0
"ABREVA TUB",0
"S/B ALLERG",0
"TARINA FE",0
"ALORA ETS",0
"ACULAR .5%",0
"IBRUPROFEN",0
"LICE SOLUT",0
"SELECT-OB+",0
"SM COLD/FL",0
"SOMA 250",0
"ATIVAN 0.5",0
"BELSOMRA 5",0
"ACCUPRIL T",0
"FERIVA 21/",0
"MELPHALAN",0
"RASUVO 30",0
"DIAZEPMAN",0
"RYNEX PE",0
"HYZAAR 50-",0
"SULINDAC",0
"AFREZZA 90",0
"CASTOR OIL",0
"VITAFOL",0
"BUTISOL SO",0
"TRELSTAR L",0
"FOCALGIN D",0
"MOEXIPRIL-",0
"AZOR 5/20M",0
"IMFINZI, 5",0
"ZELBORAF (",0
"DIGOXIN 50",0
"TRUSOPT 2%",0
"CUVITRU 1G",0
"RAPAMUNE 1",0
"OXAZEPAM 1",0
"CARBINOXAM",0
"TETRAHYDRO",0
"TRAVEL SIC",0
"PRIMAXIN 5",0
"NORCO 10 /",0
"S/B ASPIRI",0
"RETIN-A MI",0
"APAP 650MG",0
"MAXIPIME F",0
"CARDURA XL",0
"ALOMIDE",0
"CAROSPIR",0
"COUGH & CO",0
"ITRACONAZ",0
"GNP ACID R",0
"MITOMYCIN",0
"ACETASOL H",0
"GENTLE LAX",0
"SOLODYN 55",0
"GNP NASAL",0
"NAFTIFINE",0
"GLUMETZA 5",0
"ANADROL- 5",0
"AZTREONAM",0
"ELOCON 0.1",0
"PRADAXA 11",0
"PIPERA/TAZ",0
"NATURE TEA",0
"FLOUROMETH",0
"QUINAPRIL-",0
"EMPLICITI",0
"ADAPALENE-",0
"CAZIANT 0.",0
"IFOSFAMIDE",0
"KEYTRUDA 5",0
"RASUVO 12.",0
"PRENATE EL",0
"BIVALIRUDI",0
"PRENATE CH",0
"0.9% W/V S",0
"ARCALYST 2",0
"CELEXA 10M",0
"ZYVOX (LIN",0
"LOVENOX 10",0
"GAZYVA 100",0
"DIPHYNHYDR",0
"PROPRAN 40",0
"SUBLOCADE",0
"INFUMORPH,",0
"ZOLINZA 10",0
"MERREM I.V",0
"QUARTETTE",0
"CLOZARIL",0
"AVANDIA TA",0
"RASUVO 7.5",0
"XOPENEX (L",0
"SYNRIBO IN",0
"CORGARD, 8",0
"KEPPRA IV",0
"CLINDACIN",0
"CONZIP 100",0
"ALUNBRIG (",0
"ALDURAZYME",0
"FLAVOXATE",0
"S/B 12HR N",0
"ANTI-GAS R",0
"EXFORGE 10",0
"PHENOXYBEN",0
"SIRTURO (B",0
"ORFADIN 20",0
"XYZAL 5 MG",0
"SORIATANE",0
"NALOXONE P",0
"FROVA (FRO",0
"CYSTAGON 5",0
"LDR COLD/C",0
"GAS FREE E",0
"DOXIL 50MG",0
"CHROMAGEN",0
"LEADER MUC",0
"RHOFADE TO",0
"JUXTAPID 1",0
"ANDROGEL2.",0
"PRAMCORT C",0
"TRUVADA 13",0
"ZYCLARA 3.",0
"METHSCOPOL",0
"NAPHCON A",0
"OZEMPIC 1M",0
"ANTI-ITCH",0
"FARYDAK CA",0
"BUNAVAIL 6",0
"SYNALAR TS",0
"ESTAZOLAM",0
"CHEMET",0
"IRINOTEC H",0
"HUMATE-P L",0
"LDR ENEMA",0
"E/ MUSCLE",0
"SPIRIVA 90",0
"TOPOSAR IN",0
"YONDELIS (",0
"KADIAN ER",0
"ANTI ITCH",0
"FENTANYL 2",0
"HYDROGEN P",0
"PRANDIN (R",0
"KROGER NTS",0
"BETADINE S",0
"GENGRAF, C",0
"POLYMYXIN",0
"METROGEL 0",0
"TUSSIN CS",0
"ORALAIR",0
"ALTOPREV 4",0
"CONCEPT DH",0
"INLYTA (AX",0
"JALYN CPSL",0
"NORTHERA 3",0
"NICARDIPIN",0
"SULFA & TR",0
"ALLERCHLOR",0
"ANTIFUNGAL",0
"KONSYL-D",0
"VERELAN PM",0
"OSMOPREP",0
"CLARINEX D",0
"QUITIAPINE",0
"LEXAPRO 5M",0
"LDR NATURA",0
"LYNPARZA 5",0
"VISTARIL C",0
"ZAVESCA (M",0
"RYDAPT CAP",0
"BRISDELLE",0
"SUNMARK MI",0
"CEPACOL SO",0
"S/B BISMUT",0
"INTEGRILIN",0
"GNP ANTACI",0
"TYBOST (CO",0
"MUCINEX 72",0
"SM ANTI-DI",0
"CORIFACT (",0
"CYTOMEL 25",0
"EPSOM SALT",0
"KALBITOR 1",0
"BACTROBAN",0
"MUCINEX 6'",0
"XANAX .25M",0
"PROMETRIUM",0
"SCALP RELI",0
"HM SINUS 1",0
"CASPOFUNGI",0
"I.V. PREP",0
"UCERIS REC",0
"LANSO/CLAR",0
"BINOSTO",0
"ASTRINGENT",0
"PENTOXYFYL",0
"ENEMA",0
"AFREZZA 8",0
"AVONEX EX",0
"SARNA LOTI",0
"S/B CHILDR",0
"CYTRA-3 SY",0
"RIBAPAK 12",0
"HYPERTET S",0
"TRELSTAR 2",0
"CLEOCIN HC",0
"LOTRONEX (",0
"OZEMPIC 0.",0
"ATRALIN GE",0
"KOATE 1000",0
"VUSION OIN",0
"NICORETTE(",0
"S/B MILK O",0
"MILK MAGNE",0
"LASIX 40 M",0
"TOPCARE PA",0
"LDR CHILD",0
"SODIUM PHE",0
"MAPAP 160",0
"TESSALON B",0
"COLACE 2 I",0
"EFFERVESCE",0
"DOPAMINE H",0
"VIRT-NATE",0
"GNP RANITI",0
"SAIZEN (SO",0
"KALETRA OR",0
"LOVENOX  1",0
"LENVIMA 18",0
"DOXEPIN 50",0
"ZOSYN 3.37",0
"PEXEVA (PA",0
"EPTIFIBATI",0
"TOPCARE IN",0
"HEMLIBRA -",0
"FLONASE SE",0
"LOESTRIN 2",0
"SELECT-OB",0
"HUMIRA PED",0
"SEB PREV W",0
"CLODAN SHA",0
"AUSTEDO (T",0
"SENOKOT TA",0
"ZANTAC (RA",0
"GILDESS 1.",0
"NADOLOL/BE",0
"45% UREA L",0
"CUVITRU 4G",0
"PRENATE AM",0
"MEDICATED",0
"RETIN-A GE",0
"RECLAST VL",0
"SPRITAM 10",0
"ERYTH CAP",0
"WILATE",0
"MACUGEN (P",0
"AHP HYDROC",0
"OCTAGAM 10",0
"MAPROTILIN",0
"SYNDROS",0
"ALPROLIX 4",0
"GUAIATUSSI",0
"LORTAB",0
"PBOS (R) (",0
"ZORVOLEX 1",0
"JOCK ITCH",0
"SLEEP TAB",0
"HYCAMTIN C",0
"INDERAL XL",0
"TABLOID  T",0
"CRINONE 4%",0
"EMTRIVA OR",0
"OXAYDO 5MG",0
"SM COUGH D",0
"ZANTAC TAB",0
"SRONYX 0.1",0
"ADENOCARD",0
"PRED-G SUS",0
"NOVOSEVEN",0
"ERY-TAB 25",0
"FAYOSIM  T",0
"FORADIL AE",0
"S/B N/ASPI",0
"FLORIVA 1",0
"ZOSYN 4.5G",0
"DR. SMITH'",0
"SYMDEKO (T",0
"CORVITE FE",0
"DEXRAZOXAN",0
"LEVAQUIN 5",0
"FLONASE AL",0
"TRI-VI-FLO",0
"AK-POLY-BA",0
"VOL PLUS",0
"TEKTURNA F",0
"K-TAB FILM",0
"AHP LAMIVU",0
"OMECLAMOX",0
"PIPERONYL",0
"PRAMOSONE",0
"ENTOCORT E",0
"RIFADIN IV",0
"IOPHEN NR",0
"ADLYXIN 20",0
"NITRO-DUR",0
"PRED-G S.O",0
"CARIMUNE N",0
"TRIBENZOR",0
"COLISTIMET",0
"TRILIPIX D",0
"RAYALDEE 3",0
"CARBOCAINE",0
"DETROL LA",0
"KORLYM 300",0
"VIREAD ORA",0
"NALBUPHINE",0
"PHENERGAN",0
"TUMS ASSOR",0
"CORTEF 10M",0
"AMINOCAPRO",0
"PROCYSBI D",0
"ENDOMETRIN",0
"ARTHROTEC",0
"FLORIVA .5",0
"ZESTRIL 10",0
"ZUPLENZ 8M",0
"ZITHROMAX",0
"ADLYXIN 10",0
"SILVADENE",0
"MESNA INJ",0
"INDERAL LA",0
"LANTANAPRO",0
"COSOPT",0
"FOCALGIN 9",0
"AVEED (TES",0
"COUGH RELI",0
"HOSPITAL A",0
"METHYLIN O",0
"KEPIVANCE",0
"GABITRIL 1",0
"ADRIAMCYIN",0
"RIDAURA (A",0
"LESCO XL 8",0
"CALDYPHEN",0
"KYLEENA",0
"FAZACLO 10",0
"DAYHIST AL",0
"DANAZOL CA",0
"MESNEX",0
"QUINIDINE",0
"MEPROBAMAT",0
"VERNA VIT",0
"INNOPRAN X",0
"BEXAROTENE",0
"ULTRAVATE",0
"LONSURF 15",0
"ALTACE CAP",0
"KLOR-CON U",0
"ZANAFLEX C",0
"MEDI PADS",0
"LANOXIN SC",0
"ARAVA (LEF",0
"MARPLAN",0
"MESNA INJE",0
"TRINATAL R",0
"PASER GRAN",0
"LDR ANTISE",0
"SILPHEN CO",0
"ISTODAX (R",0
"GAVISCON 8",0
"AVELOX 400",0
"ANECTINE 2",0
"CATAPRES(C",0
"HYQVIA 2.5",0
"PROVIGIL (",0
"NESTABS DH",0
"APOKYN INJ",0
"NEUAC GEL",0
"TIOCONAZOL",0
"YOSPRALA",0
"SYNERA PAT",0
"GNP COUGH",0
"ROWASA ENE",0
"APAP CHILD",0
"ZINC SULFA",0
"ELOCTATE 2",0
"VANCOMYOCI",0
"SOLTAMOX,",0
"FOSINIPROL",0
"NOVAREL (C",0
"EMEND 40MG",0
"CORDRAN FL",0
"NECON 1MG/",0
"ZYFLO TABL",0
"LDR ACID R",0
"TRIVORA 6",0
"SECURA EXT",0
"ACCOLATE Z",0
"MOXEZA",0
"NIFEREX",0
"LDR ALL/D",0
"MYDAYIS 12",0
"READY TO U",0
"ZYVOX 600",0
"NULEV 0.12",0
"OPANA ER (",0
"MAJOR-PREP",0
"MIGRANAL N",0
"INTRAROSA",0
"QUENALIN",0
"NEOMYCIN-B",0
"DIAPER RAS",0
"SIMULECT 2",0
"VAGISTAT-3",0
"LEENA  TAB",0
"LARTRUVO",0
"URIMAR-T",0
"LDR PRLF F",0
"TREANDA (B",0
"WITCH HAZE",0
"EDECRIN TA",0
"MAPAP SINU",0
"LORZONE 37",0
"LOSEASONIQ",0
"XENAZINE 1",0
"CAFFEINE C",0
"CHOLBAM CA",0
"CYCLOMYDRI",0
"NEO-SYNALA",0
"TAGRISSO 4",0
"GILDESS 1/",0
"SM DOCUS C",0
"OLUX-E FOA",0
"LUPANETA 3",0
"LYSODREN",0
"TUSSIN PE",0
"DOXEPIN 10",0
"AMERINET C",0
"LANTUS SOL",0
"K+CARE EFF",0
"PRECOSE 10",0
"PREFERA OB",0
"BENZAMYCIN",0
"10% DEXTRA",0
"BAZA PROTE",0
"VICODIN TA",0
"ULTIMATECA",0
"OMIDRIA",0
"MYSLOINE P",0
"ELOCTATE 5",0
"KONSYL PSY",0
"SONATA TAB",0
"ACTIQ 600M",0
"KONSYL EAS",0
"VP PNV DHA",0
"AIRDUO 113",0
"LDR LUBRIC",0
"NESACAINE",0
"DANAZOL 50",0
"WARFARIN N",0
"ESTRACE TA",0
"MYTESI 125",0
"ANTI-NAUSE",0
"RHOGAM",0
"NOVOEIGHT",0
"KYPROLIS 3",0
"GLUMETZA 1",0
"BONIVA PRE",0
"TEKTURNA H",0
"MAPAP PM C",0
"COSMEGEN 0",0
"ZOCOR 20MG",0
"PROCARDIA",0
"DEXPAK 10",0
"HYDROXOCOB",0
"MICONOZOLE",0
"COLD SEVER",0
"NICOMIDE",0
"CYSTARAN (",0
"SM DAYTIME",0
"CLOBEX SHA",0
"SPRITAM 75",0
"OXAYDO 7.5",0
"APTENSIO X",0
"LDR URINAR",0
"S/B SENNA",0
"ELITE OB",0
"STAVUDINE",0
"ANTIBIOTIC",0
"ENABLEX 15",0
"LOMEDIA 24",0
"LOTRISONE",0
"SINEMET 25",0
"HEPSERA",0
"LAMISIL TA",0
"HEMOFIL-M",0
"PRENATE PI",0
"DOXERCALCI",0
"XANAX .5MG",0
"EX-LAX REG",0
"STALEVO FC",0
"COSYNTROPI",0
"FRAGMIN (D",0
"GLEOSTINE",0
"PEGASYS PF",0
"VIRAMUNE X",0
"BONIVA 150",0
"STARLIX 12",0
"DILANTIN-1",0
"FABIOR 0.1",0
"NORETH-EST",0
"XYNTHA 300",0
"ELITEK 1.5",0
"FERROUS GL",0
"KALETRA LO",0
"HYQVIA 30",0
"KOGENATE F",0
"TUMS ANTAC",0
"VERSACLOZ",0
"LONSURF 20",0
"ASPIRIN SU",0
"KONSYL",0
"OXICONAZOL",0
"TUMS E-X A",0
"NATACYN",0
"ZANTAC 1,0",0
"SYNAREL 2M",0
"MIGRAINE C",0
"VYZULTA 5M",0
"ACTONEL 35",0
"AZOR 10/40",0
"CALCIPOT S",0
"AMPHOTERIC",0
"NALFON",0
"VIVELLE-DO",0
"LDR ANTI-D",0
"NORITATE 1",0
"ADEMPAS 0.",0
"ATHLETES F",0
"GOOD SENSE",0
"FORTAZ INJ",0
"CARBILEVOE",0
"OPANA ER",0
"ZYKADIA HG",0
"POVIDINE O",0
"ENEMA SING",0
"VASOTEC 20",0
"AROMASIN 2",0
"NIASPAN-NI",0
"NALOXONE 0",0
