"PRODUCT_NAME","Prescription_Amount"
"AMOXICILLI",29218740.4
"IBUPROFEN",27333040.37
"POLYETHYLE",24370348.8
"GABAPENTIN",23131398.76
"ALBUTEROL",22997180.97
"METFORMIN",21680777
".12% CHLOR",21192260.64
"ACETAMINOP",18595524.86
"AMMONIUM L",16794848.92
"CHILDREN'S",15868729.58
"ATORVASTAT",12993640
"LORATADINE",12737046.02
"LACTULOSE",11379808
"AMLODIPINE",10923986.84
"OMEPRAZOLE",10639227.39
"LISINOPRIL",9975661.7
"METOPROLOL",9953887.89
"OXYCODONE",9896759.7
"CETIRIZINE",9002617.18
"RANITIDINE",8478696.95
"LEVETIRACE",8204319.46
"LEVOTHYROX",7795489.93
"PROMETHAZI",7376962.99
"TRIAMCINOL",7338042.3
"PEG-3350 A",7269852
"ROBAFEN DM",7266801.45
"DICLOFENAC",7082782.32
"VENTOLIN H",6656791.92
"LOSARTAN P",6639777.67
"SIMVASTATI",6383655
"REGULOID/",6379042.63
"SERTRALINE",6029054
"CLONAZEPAM",6018350.43
"KETOCONAZO",5711153.04
"ENTERIC CO",5597113
"SILTUSSIN",5527627.63
"MONTELUKAS",5524464.01
"GLYCOLAX 5",5332259
"DIVALPROEX",5309754
"HYDROXYZIN",5272250.58
"ALPRAZOLAM",5241998.5
"FOLIC ACID",5129246
"OSELTAMIVI",4953321.6
"CLINDAMYCI",4952898.66
"HYDROCODON",4914994.36
"DOCUSATE S",4790455
"APAP ORAL",4752029.16
"QUETIAPINE",4728650
"GOLYTELY",4680400
"CYCLOBENZA",4542748.8
"BUPROPION",4497705
"OTC IBUPRO",4392899.27
"TRAZODONE",4313871.25
"FLUTICASON",4299963.7
"BENZOYL PE",4276802.74
"HYDROCHLOR",4225857.48
"0.9% SODIU",4121278.8
"CLONIDINE",3989967.18
"FLUOXETINE",3774651.5
"FAMOTIDINE",3770423.27
"RISPERIDON",3742443.5
"APAP PAIN/",3726736
"TOPIRAMATE",3698979.944
"SODIUM CL",3693672.83
"LAMOTRIGIN",3691191.65
"HYDROCORTI",3690066.36
"CARAFATE S",3688451.33
"ASPIR-LOW",3676368
"CARVEDILOL",3548345.32
"CEPHALEXIN",3504934.2
"BUSPIRONE",3460904
"GLIPIZIDE",3424813.5
"METHYLPHEN",3352878.5
"SODIUM CHL",3322410.89
"VALPROIC A",3202588
"ESCITALOPR",3199823
"AMOX CLAV",3169329.2
"GUAIFENESI",3136348.3
"SUBOXONE S",3130912
"PEG 3350,",2981000
"PANTOPRAZO",2947565.21
"IPRATROPIU",2895249
"GLYCOLAX 2",2876579.8
"TAMSULOSIN",2744924
"BENZONATAT",2727584
"BROTAPP-DM",2696876
"METRONIDAZ",2695531.57
"ENALAPRIL",2646726.5
"ASPIRIN LO",2633048
"DIMAPHEN D",2550787.5
"NULYTELY L",2536256
"PREDNISOLO",2532000.65
"PREDNISONE",2510534.3
"FUROSEMIDE",2465338
"VENLAFAXIN",2445900
"NAPROXEN T",2400952.33
"TRAMADOL H",2392364.44
"DULOXETINE",2370624
"OXCARBAZEP",2368589
"BANOPHEN E",2343432.12
"ARTIFICIAL",2302368.05
"DIPHENHYDR",2250438.91
"STOOL SOFT",2238991
"CITALOPRAM",2230965.5
"BUDESONIDE",2203035.41
"TIZANIDINE",2101292.5
"BENZTROPIN",2067071
"MELOXICAM",2058253.34
"CLOTRIMAZO",2040989.55
"MAGNESIUM",2028713.32
"LIDOCAINE",1985395.5
"LITHIUM CA",1979924
"ENEMA DISP",1972941
"AZITHROMYC",1958727.56
"ASPIRIN EC",1915738
"PROPRANOLO",1903638.3
"DOC-Q-LACE",1903535
"ADVAIR DIS",1892282
"SENNA LAXA",1887658
"SULFAMETHO",1885622.38
"CLOPIDOGRE",1877193.4
"MOMETASONE",1876574.79
"BROMFED DM",1857993
"BROMPHEN M",1794228.75
"GLIMEPIRID",1792420
"MIXED AMPH",1788162
"AMITRIPTYL",1737196.9
"POTASSIUM",1731978.1
"DEXTROAMPH",1731034
"ARIPIPRAZO",1730971.5
"JANUMET 50",1727836
"CYPROHEPTA",1697110
"HYDRALAZIN",1694573
"LABETALOL",1691340.23
"BROMPHENIR",1668659.5
"ATENOLOL T",1654967
"LYRICA (PR",1651257
"HALOBETASO",1638211.2
"GUANFACINE",1634905.79
"STERILE WA",1627297.7
"MIRTAZAPIN",1604725
"GUIATUSS",1571004
"BACLOFEN 1",1562881.8
"MECLIZINE",1562324
"DIPRIVAN (",1558254
"ZOLPIDEM 1",1557640
"CEFDINIR O",1539535
"TACROLIMUS",1535270.77
"NYSTATIN O",1528698.17
"NAPROXEN 5",1520586
"PRAVASTATI",1511305
"FENOFIBRAT",1505481
"DOCUSIL",1503728.77
"VALACYCLOV",1493327.9
"OLANZAPINE",1483018.5
"PAROXETINE",1481224
"JANUVIA 10",1475429
"SPIRONOLAC",1460714.195
"PINEAPPLE",1452000
"MUPIROCIN",1419747.93
"NIFEDIPINE",1416810.41
"MESALAMINE",1404541.14
"NICOTINE G",1371700
"LORAZEPAM",1351882.04
"ONDANSETRO",1350069.39
"OXYBUTYNIN",1344115.44
"MILK OF MA",1335487
"5% DEXTROS",1334131.4
"PENICILLIN",1308490
"REGULOID S",1305061
"METHOCARBA",1301149.31
"DOXYCYCLIN",1271468
"SILTUSSIN-",1242323.1
"ADVATE 5ML",1234451
"CARBAMAZEP",1227598
"DIPHENHIST",1143731.86
"TUSSIN DM",1121648
"HEALTH MAR",1111962.72
"Q-TUSSIN D",1108764.68
"METOCLOPRA",1097116.4
"FLUOCINONI",1096604.46
"DICYCLOMIN",1077679.67
"CICLOPIROX",1076635.64
"PHENOBARBI",1072462.7
"MYCOPHENOL",1069134
"CONSTULOSE",1066012
"GEMFIBROZI",1062968
"ALMACONE A",1034942.63
"GLYBURIDE",1031472
"CLOZAPINE",1029724.5
"POLYETHELE",1017176
"HYDROXYCHL",1000850.3
"LDR IBU CH",997939.53
"BASAGLAR",991063
"TACTINAL E",987618
"DEXTROSE 5",970749
"VALSARTAN",961086
"CHANTIX (V",956943
"GRISEOFULV",944829
"PROLASTIN-",937186
"ERGOCALCIF",936120.27
"HALOPERIDO",921792
"ALLOPURINO",914173
"BISACODYL",895793
"CLOBETASOL",877631.25
"SYNTHROID",874134
"65 NATURAL",872113
"ALCOHOL PR",872112
"FLOVENT HF",870935.8
"BACLOFEN T",869895.32
"ELIQUIS",862051
"MORPHINE S",853554.37
"AZELASTINE",839949.1
"ASPIRIN 81",838009.5
"SENNA LAX",831300
"ENDOCET 10",820218
"LIDOCAINE/",813370.97
"TAMIFLU OR",803654
"BREO ELLIP",796376.6
"CEFADROXIL",794358
"ASPIR 81",793939
"PERMETHRIN",788125
"NICOTINE T",786468
"SYMBICORT",774858.39
"NORTRIPTYL",769386
"REGULAR ST",764361.99
"AMPHETAMIN",762338
"RECOMBINAT",751420
"MELOXICAM,",750716.29
"BUPRENORPH",732694
"METHADONE",701643.85
"PIOGLITAZO",692819
"ACYCLOVIR",692461.46
"FEXOFENADI",688789
"TERCONAZOL",683744
"PROCTOZONE",682438.83
"NORETHINDR",682178
"CALCIUM AC",671686
"JUNEL FE T",668266
"SILADRYL A",666154.97
"MEGESTROL",655855
"SENNO",652863
"BUTALBITAL",647846
"DILTIAZEM",645554.7
"FINASTERID",643402
"BACITRACIN",643367.9
"KRISTALOSE",640430
"HYDROXIZIN",638700
"MAXIMUM ST",636364.33
"CIPROFLOXA",635404
"XARELTO (R",635164
"ROSUVASTAT",627574
"NATURAL FI",612799
"WARFARIN S",610660.5
"ZONISAMIDE",607038.06
"SUCRALFATE",602203.96
"ZOLPIDEM T",601909
"GLYBURIDE/",600808
"ALMACONE D",599722.19
"TRUVADA",590931
"NITROFURAN",577845
"INVOKANA",575897
"TENOFOVIR",575773
"METHIMAZOL",573655
"PRAZOSIN H",565949
"ZIPRASIDON",564145.5
"APRISO",563414
"TRETINOIN",559536.87
"MULTIVITAM",553541
"PHENYTOIN",551342
"ISOSORBIDE",548616
"SEVELAMER",547919
"DIAZEPAM T",547096
"GENVOYA",546277
"ASPIR 81 (",543296
"SSD CREAM",540359.17
"SODIUM BIC",537179.81
"ERYTHROMYC",536433.9
"TEGRETOL S",528934
"MAPAP ARTH",524796
"RULOX ANTA",521252.93
"TRILYTE WI",520000
"DIMAPHEN C",518266
"MVC FLUORI",515333
"VIT D2 1.2",514197.33
"BROTAPP LI",509722.5
"NEPHPLEX R",508964
"NYSTATIN 1",508465
"AMOXICLLIN",507163
"LEVOCARNIT",506398
"MI-ACID",502617.55
"NABUMETONE",497112
"METHYLPRED",492849.82
"SPRINTEC T",490322
"VITAMIN D",485912.02
"LOPERAMIDE",485413
"PHARBETOL",484951
"NITROGLYCE",482565
"AMOX-CLAV",471295
"MAPAP CHIL",470837.3
"ESTRADIOL",468185.8
"ANTACID SU",459637.75
"BETAMETHAS",452108.128
"IPRATROPBR",451668
"REPAGLINID",444952
"BANZEL ORA",443792
"ASPIRIN CH",441373
"LOSARTAN 5",441045
"LIQUITEARS",435848
"TIVICAY TA",435140
"ATOVAQUONE",434228
"BENAZEPRIL",433421
"DIABETIC S",432575
"ALUMINUM H",430764.74
"CREON 24,0",430664
"PROAIR HFA",429773.5
"BACLOFEN 2",427938.31
"ESOMEPRAZO",426920
"SM ALCOHOL",425701
"CEFDINIR P",425598
"CALCIPOTRI",424854.86
"CHILD'S IB",423059
"CREON (PAN",421199
"HYDROMORPH",417829.6
"CPL CLOTRI",413369.64
"NYSTATIN C",412787.99
"AMOCLAN 40",412779
"CEFPROZIL",412708
"CLARITHROM",412268
"LOSARTAN/H",407062
"DEXMETHYLP",407058
"SF 5000 PL",406819
"CHLORPROMA",404119.5
"AMANTADINE",402425.24
"NICOTINE P",399307
"SODIUM CIT",399201.64
"TRAMADOL 5",393966.5
"NAPROXEN D",393140
"JARDIANCE",387017
"SPS SUSPEN",383874
"LATUDA (LU",380944
"NOVOLOG PE",378769
"LANSOPRAZO",378210.53
"CELECOXIB",377101.9
"DESMOPRESS",375561.5
"FIBER-LAX",374928
"SELENIUM S",373607.73
"CHLORTHALI",372433
"FLEET ENEM",369154
"DONEPEZIL",368621
"ROPINIROLE",367765
"TRADJENTA",367570
"BISOPROLOL",364737
"LOVASTATIN",362167
"NORVIR (RI",359914
"DESCOVY  2",359015
"TRIUMEQ 50",356673
"SENNA TABS",355739
"LORAZEPRAM",354317
"HUMALOG KW",353904
"REFRESH PL",353822
"VOLTAREN G",353051.67
"TRILEPTAL",352458
"NAPROXEN S",351633
"ISONIAZID",348870
"VIMPAT ORA",348630
"CITRANATAL",346918
"ATOMOXETIN",346803
"ISENTRESS",346049.5
"GENERLAC S",343872
"ALOGLIPTIN",342971
"CHOLESTYRA",341888.2
"CODEINE-GU",341814
"METORPROLO",341784
"JANUVIA 50",341640
"CODEINE PH",336295
"MINOCYCLIN",335817
"DIBROMM CO",332217
"ANTACID WI",331790.55
"CHLORTALID",331692
"SPIRIVA 30",331645
"RANEXA (RA",330256
"SIMETHICON",328312
"METHOTREXA",327994.25
"AMOCLAN 60",326355
"ONFI ORAL",325847.4
"EZETIMIBE",325343
"SOD BICARB",324687.43
"VERAPAMIL",316258.63
"RAMIPRIL C",312444
"LANTUS 3ML",312033
"MINTOX LIQ",310930
"TRI SPRINT",308950
"BRILINTA 9",306408
"GAMUNEX-C",304160
"NICOTROL I",302300
"ZOLPIDEM 5",300972
"FLUVOXAMIN",300953.5
"TERBINAFIN",300430.81
"TACTINAL R",299997
"CALCITRIOL",299775.9
"JENTADUETO",298466
"BROTAAP LI",297888
"BETAMETH D",296241.3
"DIAZEPAM 5",294035.3
"SENEXON-S",292004
"SUMATRIPTA",290814.5
"LAXATIVE E",287683
"TESTOSTERO",287223.224
"CALC CARB",283289
"TORSEMIDE",282140
"DOXEPIN HC",281378.5
"PERPHENAZI",280886
"FLUCONAZOL",279260.21
"NICORELIEF",278464
"ADDERALL X",277438
"MICROGESTI",273103
"CRYTSELLE",271345
"AMOXICILLA",270650
"FLUPHENAZI",270609
"SULFASALAZ",267458.6
"PSEUDOEPHE",266439.75
"INCRUSE EL",265379
"COLCHICINE",261906.5
"MEMANTINE",257494
"Q-PAP EXTR",256622
"LOSARTAN H",252907
"TRI-LO-MAR",252336
"SILVER SUL",251808.8
"REFRESH TE",250065
"DENTA 5000",248881
"FLUOCINOLO",245894.97
"ALENDRONAT",243728
"CARISOPROD",243401
"CALCIUM AN",242596
"ETHOSUXIMI",241765
"TRIHEXYPHE",241080
"TRI-LO SPR",240683
"BISMATROL",238798
"Q-TUSSIN (",236515.09
"NYSTATIN T",235671.13
"OMEGA-3 GC",234116
"ZINC OXIDE",233312.89
"CILOSTAZOL",233027
"ACAMPROSAT",229931
"IPRATROP B",228867
"BPL METOPR",228790
"ACETAZOLAM",227735.6
"ONFI 10MG",226406
"NALTREXONE",225965.5
"CARBI/LEVO",225032
"CEFDINIR F",224944
"KEPPRA ORA",223968
"TRIMETHOPR",223911
"RAMIPRIL 1",223500
"NATURAL VE",223464
"JANUMET XR",222814
"CHLORHEXID",222784
"GNP ALCOHO",221705
"JUNEL FE 2",221410
"RESTASIS",221364
"DOC SOD/ S",220757
"HUMALOG",219623.1
"ANORO ELLI",219391
"PNV PLUS (",218400
"MUCINEX 50",216818
"LEVOCETIRI",216722
"PANTOPRRAZ",216254
"HYOSCYAMIN",215239.9
"TRAMADOL T",215063
"LEVOFLOXAC",214821.925
"VANCOMYCIN",214628.152
"ATENOLOL 5",214097.76
"PENTASA 50",213590
"Q-PAP (UNB",213283
"CREON 12,0",211799
"CUVPOSA OR",211495.4
"NATEGLINID",211478
"CHILDRENS",210739.5
"CPL HC CRE",209859.5
"NAPROXEN 3",209805
"AZATHIOPRI",209315.7
"SENEXON NA",208733
"ATENOLOL/C",208617
"PREZISTA 8",207530
"CROMOLYN S",206525
"SODIUM POL",206422.79
"URSODIOL C",205593.41
"ELOCTATE 7",204438
"ASPIRIN-CH",204080
"DIFLOFENAC",203379
"ODEFSEY  (",202218
"TAMOXIFEN",201464
"GLYCOPYRRO",200978.49
"VEMLIDY 25",200673
"INDOMETHAC",200196.33
"PRAMIPEXOL",199401
"SYSTANE",196216.5
"VITAMIN A+",195223.2
"PREZCOBIX",195027
"SUDAGEST 3",193902
"ANASTROZOL",192234
"CHILDREN I",191762
"OSELTAMAVI",191076.95
"HYDROXYURE",190984.17
"SILACE SYR",189928.2
"DEPAKOTE S",189002
"DOXAZOSIN",188891
"RALOXIFENE",188764
"NOVOLOG 10",188404.15
"MULTI VITA",188358
"LEVALBUTER",187411.56
"PULMICORT",187217
"DEXAMETHAS",182784.797
"CEFDINIR C",181529.56
"MUCINEX DM",181201
"PROPOFOL I",180659
"OMEGA-3-AC",180578
"OXYCONTIN",176848
"DIAZEPAM 1",176432
"ENTRESTO F",176321
"PROCHLORPE",175543
"VITAFOL-ON",174658
"NESTABS",173252
"KETOTIFEN",172744
"MUCUS RELI",171035.37
"BUT / APAP",169903
"IRBESARTAN",169006
"RENAGEL TA",168849
"EX PHENYTO",168284
"ATRIPLA",167942
"FLOVENT DI",167756
"MUCINEX 20",167745
"LOSARTAN+H",166186
"ARNUITY EL",166023.4
"ETH/NOR 35",165848
"ENTECAVIR",164937
"LAMIVUDINE",164095
"CALCIUM CA",163599
"APRI 28 DA",162908
"COLLAGENAS",162028
"DEXTROAMP-",160635
"SILACE LIQ",160630.5
"CEFUROXIME",159038
"Q-PAP CHIL",158528.25
"TEGRETOL X",158047
"APAP WITH",157774
"JUNEL 21 D",155789
"VIENVA",153742
"CHEWABLE A",152863
"RAMIPRIL 5",151408
"LOTRIMAZOL",148177.46
"MULTI-VIT",147760
"CARTIA XT(",147071
"MEDROXYPRO",145265.282
"LO LOESTRI",143312
"DULERA INH",142344
"ALPROLIX 2",142171
"BUMETANIDE",142119
"VIMPAT 200",140668
"KIONEX SOD",139556
"LEVETHEST",139529
"ACID GONE",138507
"DIPHENOXYL",137807
"ERTHROMYCI",137792
"SOLUBLE FI",137651
"TRI-LINYAH",137613
"OXCODONE H",137544
"NAPROXEN 2",136827
"DORZOLAMID",136335
"CHILD IBUP",136124
"MONO-LINYA",136024
"CARBIDOPA/",135970
"VYVANSE 40",135815
"ELOCTATE 1",135595
"ANTACID W/",134066
"ATENOLOL 2",134036.28
"BUTABITAL",133990
"OFLOXACIN",133285
"SENNA SYRU",132668
"MUCINEX 40",132372
"CLOMIPRAMI",132210
"GNP IBUPRO",131921
"NOVOLOG MI",131143.98
"VYVANSE 30",131090
"VICTOZA 6M",129436
"SM CHILD P",128699
"LARIN FE 1",128270
"Q-DRYL (A.",127975.83
"AVIANE TAB",127936
"ACARBOSE 5",126689
"DIGOXIN 0.",126551
"VIRTUSSIN",126303
"LORATIDINE",125815
"HYDRO OT 1",125379.75
"LATANOPROS",125001
"TOBRAMYCIN",124874.1
"PYRIDOSTIG",124772
"CEFDINIR S",124515
"DOCU-LIQUI",124253
"CARBA SUSP",124055.5
"COMPLERA",123826
"LEVEMIR FL",123272
"XIFAXAN 55",123206
"CYCLOSPORI",122749
"ANTACID CH",122747.25
"MULTI VIT",122280
"MIDODRINE",121142
"PROPRAN 20",121003
"TRINTELLIX",120492
"AMIODARONE",120461.5
"Q-DRYL (AF",119952.83
"STRIBILD",118959
"ISMN ER 30",118909
"ACARBOSE T",118807
"SENNA TABL",118469
"TRINESSA L",118428
"PROGESTERO",118272
"VASCEPA OR",117556
"CEFDINIR 1",117382
"PRAVASATAT",116439
"ENALAPRIL/",116323
"CHERATUSSI",116180
"ECONAZOLE",116106.5
"INTELENCE",115850
"DESVENLAFA",115566
"LIOTHYRONI",115533
"ERBITUX",115465
"NYSTOP POW",114699.47
"MICONAZOLE",114401.12
"MINTAX MAX",113190
"INVOKAMET",112716
"SULFASALZI",112658
"ZENPEP DR",112531
"Q-TAPP DM",112503
"SULFATRIM",111644.4
"MUCINEX 10",111572
"NORGESTIMA",111274
"VYVANSE 50",111206
"TERAZOSIN",110951.6
"KETOROLAC",110530.5
"LOSARTAIN",109708
"DUCODYL",109589
"PINK BISMU",109203
"QUINAPRIL",109038
"PEG3350 PO",108053
"ENOXAPARIN",107501.09
"DOK 100MG",107445
"FLUOROURAC",107018.98
"AMITIZA (L",106709
"VIMPAT 100",105869
"FLONASE AR",104073.9
"COLD AND A",103874
"VALSARTAN/",103786
"ENULOSE(LA",103606
"WARFARIN 5",102779
"NYSTATIN S",102673.13
"TEMAZEPAM",101461
"SM ASPIRIN",101083
"LEVAL HCL",100841.28
"LETROZOLE",100276
"NYAMYC 100",100215
"KLOR-CON 2",100015
"CLEARLAX P",99806
"OXYMORPHON",99588
"ANDROGEL 1",99224.5
"HYDORCORTI",98244.65
"CEFDINIR 2",97840
"PRIMIDONE",97736
"ACARBOSE 1",97620
"ARMOUR THY",97232
"UREA CREAM",97044.23
"TRIAM/HCTZ",96782
"BETAMETH V",96696.72
"IMIPRAMINE",96597
"ERRIN TABL",96095
"LOSARTAN 1",95374
"LUDENT FLU",95292
"FLUDROCORT",95241
"QVAR INHAL",95221.8
"PRENATAL V",94986
"ZUBSOLV 5.",94979
"VYVANSE 70",94885
"PREZISTA (",94590
"TROSPIUM C",94539
"ATAZANAVIR",93849
"TRINESSA 6",93662
"LINZESS 14",93345
"TRIAMTEREN",93238
"LAMICTAL T",93094
"KALETRA-LO",92813
"DROSPIRENO",92376
"TOLTERODIN",90196
"RAMIPRIL 2",89969
"LINZESS 29",89715
"PROCTOSOL",89243.41
"PALIPERIDO",89236
"CIPRODEX O",88890
"PULMOZYME",88500
"PROPYLTHIO",88489
"NIZATIDINE",87677.6
"M-OXY TABL",87590
"HYDROCHLOL",87238
"ATENOLOL 1",86620.3
"SHAROBEL 0",86184
"LOSARTAN &",86056
"TUSSIN CF",85833
"ALFUZOSIN",85782
"VIMPAT 50M",85585
"EXTENDED P",85376
"CAMILA  TA",85081
"NAPROXEN O",84570
"NEO/POLY B",84370
"MI-ACID GA",84291
"BRIMONIDIN",84210
"Q-DRYL ELI",83990.81
"VYVANSE 60",83225
"GNP ACETAM",82984
"MERCAPTOPU",82798.56
"MASANTI",82238
"PREMARIN V",81052
"DIAZEPAM 2",80386
"SENSIPAR (",80081
"BANZEL TAB",79843
"PRADAXA 15",79777
"CLEARLAX L",79557
"CYANOCOBAL",79504
"JANUVIA 25",79485
"COLESTIPOL",79376
"HUMALOG MI",79218.4
"DEXILANT 6",78621.83
"GENTAMICIN",78057.26
"LOW-OGESTR",77788
"VYVANSE 20",77606
"NON-ASPIRI",77179
"ETHINYL ES",77140
"ASPIRIN 5G",76659
"JULEBER 28",76524
"URSODIOL 3",76235.46
"OMEGA-3 ET",76050
"OTEZLA (AP",75435
"COLOCORT",75420
"MOVANTIK 2",75228
"DILANTIN 1",75140
"SOD CITRAT",75084
"ASPIRIN -",74301
"ELMIRON",74216
"LISIN/HCTZ",73839
"LARISSIA (",73808
"TRIAMCINAL",73665.05
"WARFARIN 1",73164.5
"DOXEPIN HY",73121.14
"ISOS DIN T",72821
"ADVATE 2ML",72759
"VANCOCIN H",72600
"ZIDOVUDINE",72436
"PREVACID 2",72149.2
"KLOR-CON 1",71791
"ASHLYNA TA",71789
"IBU-200 WH",71352
"CREON 6,00",71285
"ASPIRIN DE",71170
"ALL DAY AL",70894
"DICLEGIS",70582
"CAPECITABI",70260
"TECFIDERA",70136
"OPTIVE SEN",70002
"RIZATRIPTA",69961
"ARIPRPRAZO",69312
"SPIRIVA RE",69229.95
"XYREM",69210
"CHLORZOXAZ",69110
"DEXSAC/AMP",69110
"PRAZOSIN 1",69020
"BALSALAZID",68679
"MISOPROSTO",68440.2
"WELCHOL (C",68425
"LITHIUM 8",67745
"CLARAVIS C",67730
"CEFAZOLIN",67461.5
"TIMOLOL MA",67085
"BETHAMETH",67070
"CIMETIDINE",67011.6
"PREVIFEM",66640
"PHENAZOPYR",66562
"LEVONORGES",66303
"CHILD ALLE",66239
"FLUOCINNON",66177.25
"METAXALONE",65612
"LANTUS 10M",65590
"ANTACID FA",65507
"NICOTINE 4",65351
"PREVACID L",64809
"SF 1.1% GE",64676
"SULFACETAM",64311
"NORACETHES",64188
"ACARBOSE 2",64122
"METHYLDOPA",64118
"DEPAKENE S",64100
"0.25 ACETI",64000
"VANDAZOLE",63980
"PILOCARPIN",62655
"HUMULIN 70",62487
"LEFLUNOMID",62426
"PET WHITE",62226.37
"ZAFIRLUKAS",61251
"ADVAIR HFA",61200
"NADOLOL 20",59585.5
"DELZICOL D",59554
"AUG BETAME",58630
"VIMPAT 150",58485
"GLIMEPIRAD",58475
"MYRBETRIQ",58434
"HEPARIN SO",58273.591
"ALCLOMETAS",58170
"NIACIN EXT",58084
"KEPPRA 500",57904
"DEXAMETHA",57849.5
"METOLAZONE",57821
"ARIPIPAZOL",57707
"CABIDOPA A",57545
"VITAMIN A",57505.2
"HI-TECH AC",57437.8
"NIKKI 3 MG",57427
"URSODIOL T",57350.4
"PEG 3350 P",57346
"CARBATROL",57123
"EUCRISA (C",56880
"PREMARIN T",56764
"OPTIVE",56745
"ADAPALENE",56565
"REFRESH SO",56352
"PRASUGREL",56102
"XIIDRA 5%",56062.2
"CARBIDOPA",55618
"GLYB/METFR",55612
"PRIMODONE",55522
"FLECAINIDE",55515
"MYORISAN (",55488
"ISOSORIBDE",55388
"OXYCODONE/",55354
"MAVYRET 10",55294.641
"NUEDEXTA C",55021
"DEPAKOTE E",55021
"CAL-GEST A",54968
"DROSP/ETHI",54882
"PREPLUS OR",54848
"FELODIPINE",54830
"ELIDEL CRE",54770
"RIOMET 500",54670
"FIBER TABS",54350
"BLISOVI  F",54285
"LORYNA 3MG",54180
"PNV-DHA",54054
"MONONESSA",54016
"VESICARE T",54000.5
"KEPPRA XR",53880
"ANTI-DIARR",53833
"Q NOL EXTR",53832
"ORSYTHIA",53798
"SULINDAC 2",53791
"EXEMESTANE",53763
"AMOCLAN OR",53614
"ALMACONE C",53441
"BLISOVI  2",53340
"VALGANCICL",52942
"BROMOCRIPT",52931
"PENTOXIFYL",52845
"CHLORDIAZE",52772
"PREDNISON",52170.55
"TEGRETOL T",51965
"ATORVASTAS",51609
"CYCOBENZAP",51548
"RITUXAN (R",51509.6
"TOLNAFTATE",50834.78
"VIRT PN DH",50730
"EPANED (EN",50683
"CEFTIN ORA",50460
"XULANE TDS",50370
"WARFARIN 2",50243
"SILDENAFIL",50241.755
"EAR DROPS",50037
"MIRAZAPINE",49204.5
"HYDROMET S",49203
"THEOPHYLLI",49130
"ANTACID LI",48969.98
"CITRUCEL F",48609
"LDR ALLERG",48410
"ZATEAN-PN",48192
"S/B DOCUSA",47821
"BUTAL/APAP",47517
"HUMULIN N",47218.95
"TRESIBA FL",47112
"DESOGESTRE",46934
"EXTRA STRE",46912
"SIROLIMUS",46910.5
"ASMANEX HF",46750
"AMOCLAN 20",46600
"SODIUM FLU",46170
"TRIPHRO CA",46046
"HM CLEARLA",45982
"CARBOPLATI",45925
"TRICITRATE",45915
"DEXA SOL .",45882.8
"VIREAD",45825
"AMOXICI CL",45813
"DEBLITANE",45528
"EARWAX TRE",45446.5
"LAMICTAL X",45366
"BRILINTA 6",45328
"FELBAMATE",45273
"DRONABINOL",44942
"MODAFINIL",44510
"ONFI 20MG",44355.75
"20% PROSOL",44344
"SELZENTRY",44036
"ETODOLAC 4",44013
"APIDRA 3ML",43845
"ANTACID PL",43605
"DENTAGEL B",43557
"LICE AID S",43527
"DOXPEIN HC",43218
"EPINEPHRIN",43048
"CALCIUM RE",42995
"RENVELA TA",42974
"BANZEL 200",42824
"PEDIA LAX",42382.86
"VENOFER (I",42122.5
"ESZOPICLON",41902
"TOPAMAX TA",41812.5
"MALATHION",41778
"FLUORIDE C",41250
"METROPROLO",41178
"TRAIMCINOL",41152.6
"CARBAMZEPI",40890
"BETHANECHO",40879.6
"FENTANYL T",40798
"COMBIVENT",40690
"ALTAVERA 0",40572
"FUROSEM 10",40428.2
"GUIATUSSIN",40330
"MUCINEX CH",40077
"GLIPIZIDE-",40060
"HUMULIN R",39984.5
"NICOTINE 2",39693
"BANOPHEN 2",39662
"CAPTOPRIL",39397.37
"TOUJEO SOL",39128
"SEREVENT D",38880
"FALMINA 0.",38866
"S/B ENTERI",38748
"SOTALOL TA",38709.83
"PORTIA-28",38584
"CARNITOR (",38524.79
"GNP LICE C",38329
"FOSINOPRIL",38227
"NON ASPIRI",37845
"NADOLOL 40",37744
"CEFTRIAXON",37690.194
"MILRINONE",37600
"CAMRESE (T",37478
"PROVENTIL",37319
"INDAPAMIDE",37260
"ATROVENT H",37255.2
"SENNA PLUS",37234
"METHOTREX",37165
"LUBRICANT",37145
"COLD & ALL",36940.5
"ABACAVIR S",36781
"FARXIGA 10",36651
"VALSARTAN-",36469
"MAPAP 500",36456
"SRONYX  TA",36428
"REG STRENG",36369
"GNP TUSSIN",36111
"OXTELLAR X",35891
"LIDO 2.5%",35856.25
"VIIBRYD 40",35855
"ENSKYCE 28",35812
"LUBRICATIN",35777
"SAPHRIS 10",35756
"DOC-Q-LAX",35735
"CLOT/BETAM",35671.65
"EDURANT 25",35615.94
"LICE TREAT",35529
"MAPAP (ACE",35479
"TRI-PREVIF",35407
"PROCTO-MED",35140.75
"LACTATED R",35126
"XARELTO 10",34826
"CEFDINIR 3",34589.2
"AURYXIA OR",34033
"PENTASA 25",33913
"MASANTI II",33760
"DIPHEDRYL",33721
"METHENAMIN",33663
"XELJANZ TO",33630
"HEALTHMART",33553
"VALU-DRYL",33527.99
"COUMADIN",33453
"EPLERENONE",33277
"ZONEGRAN C",33225
"VRAYLAR (C",33154
"LAMICTAL 2",33096
"THIOTHIXEN",33065
"OCELLA TAB",33040
"FELBATOL 6",33017
"FENOFIBRIC",33004
"DANTROLENE",33003
"MULTAQ 400",32878
"CYTRA-K OR",32732
"WARFARIN 4",32705.5
"AMPICILLIN",32700
"MONOCYCLIN",32654
"MYORISAN 3",32650
"TOPAMAX 25",32641
"ETODOLAC 5",32590
"LOSARTAN/",32545
"CALCIPOTIE",32460
"ASPIRIN 32",32412
"PROGRAF 1M",32345
"KARIVA TAB",32228
"ULORIC 40M",32221
"12 HOUR NA",32135
"FLEET BISA",32129
"RIFAMPIN C",32101.38
"PROPOFOL 1",32063
"LESSINA TA",31808
"DIGOXIN TA",31734
"AMPYRA",31560
"AMILORIDE",31547
"TRIFLUOPER",31483
"TIROSINT C",31383
"DESOXIMETA",31373
"GIANVI (R)",31248
"KELNOR TAB",31220
"NEXIUM FOR",31180
"FOCALIN XR",31102
"TRIAMETERE",30743
"ENTRIC COA",30704
"ENDOCET TA",30511
"TUSSIN EXP",30440
"ABILIFY",30004
"NEXIUM 40M",29946
"ASPIRIN MC",29916
"TETRACYCLI",29797
"REGULOID C",29765
"ETODOLAC T",29711
"REYATAZ",29511
"PREMPRO 0.",29474
"MITIGARE (",29454
"ZUBSOLV 8.",29452
"MINTOX PLU",29426
"SM STOOL S",29388
"PEPTIC REL",29318
"LOSARTAN-H",29313
"NP THYROID",29255
"ABACAVIR A",29216
"POVIDINE S",29180
"ALLERGY RE",29151
"SUDAFED 12",29121
"MINOCYLCIN",28946
"VELPHORO",28911
"ABACAVIR 3",28740
"ABACAVIR T",28689
"IMIQUIMOD",28646.25
"NIACIN ER",28539
"PIMTREA .1",28420
"VALPROIC 2",28168
"DICLOXACIL",28146
"PRAZOSIN 2",28112
"DIPRIVAN 1",28000
"DISULFIRAM",27980
"ASTAGRAF X",27810
"REFRESH OP",27757
"PAIN RELIE",27675
"SUDOGEST 3",27577
"OXAPROZIN",27368
"JADENU FCT",27294
"ENTACAPONE",27200
"SOTALOL HC",27180
"KEPPRA 750",27166
"FENOFIRATE",27144
"DIURIL ORA",27020.8
"EVOTAZ",26992
"ATENOLOL-C",26965
"ACETYLCYST",26946
"HCTZ- TABS",26899
"TRANEXAMIC",26893
"ABACAVIR O",26760
"CISPLATIN",26725
"KEPPRA 100",26715
"TRI-VITAMI",26630
"GAMMAGARD",26556.5
"ARTHRITIS",26555
"LUTERA TAB",26460
"ZALEPLON C",26233
"WARFARIN 3",26222
"ETHAMBUTOL",26159
"DIPYRIDAMO",25858
"NEOMYCIN-P",25830
"INFANT APA",25765.5
"NYSTATIN A",25695
"ISMN ER 60",25583
"GLASSIA",25510.5
"BYSTOLIC 1",25508
"BYSTOLIC 5",25449
"VYVANSE 10",25449
"QUILLIVANT",25415
"ROBAFEN CF",25375
"PREVALITE",25238
"ETHOSUXMID",25228
"DIFFERIN G",25090
"PHARBEDRYL",25056
"EYE DROPS",25055
"FARXIGA 5M",25037
"OLMESARTAN",24967
"BROVANA",24956
"MINOXIDIL",24878
"OXYCODONE-",24721
"DEXTROMETH",24678
"ERYPED 200",24560
"ELINEST 0.",24556
"BRIVIACT (",24481
"TROKENDI X",24399
"FINACEA",24370
"BALZIVA TA",24309
"LISINOPTIL",24253
"TUSSIN GUA",24243
"CANASA 1G",24217
"PACLITAXEL",24189.359
"THIORIDAZI",24052
"RENACIDIN",23940
"DALIRESP 5",23882
"DIFLUNISAL",23808
"PERFOROMIS",23760
"HYDORCODON",23723
"NEVIRAPINE",23722
"PHOSPHA 25",23602
"LUBRIFRESH",23555.5
"MYFORTIC T",23512
"OLOPATADIN",23353
"IPRATROP/A",23330
"SETLAKIN 0",23289
"LAMICTAL O",23280
"SEROQUEL X",23274
"TRIAM/HCT",23179
"PROMETH/VC",23066
"GAS RELIEF",22940
"DIGOXIN EL",22905
"HYDROCORIS",22814.9
"PRENATAL P",22771
"ORKAMBI (L",22736
"CEVIMELINE",22698
"SM ALLERGY",22688.8
"JOLESSA TA",22686
"BUSIPRONE",22500
"DOXY MONO",22496
"FLUOROMETH",22408.5
"NEOMYCIN/P",22398.5
"ZYTIGA 250",22378
"STRATTERA",22226
"CARNITOR S",22136
"FAMCICLOVI",22124
"FYCOMPA",21990
"ERYTH BASE",21899.2
"SAPHRIS 5",21644
"KONSYL ORA",21596
"CELLUVISC",21564
"NEURONTIN",21532
"VIGABATRIN",21510
"TRIANEX 0.",21500
"NUCYNTA 50",21498
"DOFETILIDE",21496
"CALCIUM GL",21488.34
"OGESTREL 0",21252
"ORTHO TRI-",21196
"ISDN 20MG",21161
"RISPERDAL",21143
"FYCOMPA OS",21062
"HABITROL N",20798
"RABEPRAZOL",20726
"HUMIRA - A",20578.32
"IMATINIB M",20557
"NOVOLIN 70",20540
"DAPSONE 10",20460.5
"XTANDI 40M",20340
"DIGITEK (D",20302
"REXULTI 2.",20217
"NITCOTINE",20216
"SAVELLA 50",20205
"CIPROFLOX",20176
"ANTACID TA",20127
"NIFEDIPHIN",20084
"SE-NATAL 1",20081
"LICE KILLI",20070
"SENNALAX-S",20055
"MINERAL OI",20052
"ONGLYZA 5M",20040
"BICALUTAMI",20040
"CYMBALTA",20017
"PROPAFENON",19974
"PEDIATRIC",19965
"BPL DIVALP",19923
"GNP ALLERG",19922
"GNP GUAIFE",19910
"TRIAMTERIN",19895
"REG STRNT",19854
"KEPPRA 250",19740
"FLUOXETENE",19688
"FLUNISOLID",19575
"NIFEDICAL",19456
"FLUOCINLON",19407.6
"NUVARING (",19395
"ALPHAGAN P",19375
"RITONAVIR",19264
"B/ASP/C 50",19229
"CLOPITOGRE",19187
"LEVEMIR 10",19170
"ORIGINAL S",19130
"PRENATE MI",19050
"REXULTI 1.",19009
"KOMBIGLYZE",18975
"LEVOXYL TA",18878
"DEPO-MEDRO",18873
"SUDOGEST 6",18708
"ACETIC ACI",18675
"SM NICOT T",18619
"KENALOG-40",18602.63
"ZOLPIDEM E",18528
"ARMODAFINI",18500
"VIIBRYD 20",18479
"GNP ARTIFI",18405
"NYSTATIN &",18405
"LILLOW (NO",18340
"WARFARIN 6",18330
"NATURES TE",18305
"BENOPHEN 2",18289
"RENAL CAPS",18266
"MULTI-VIT/",18211
"CABERGOLIN",18161
"SABRIL PAC",18124
"APAP ARTHR",18096
"DARZALEX (",18026.1
"DASETTA 1-",17948
"TRI-LO-EST",17864
"LINEZOLID",17841
"KENALOG-10",17690.5
"GAVISCON E",17630
"KLOR-CON S",17561
"TASIGNA HG",17552
"VIRACEPT 6",17534
"ENPRESSE T",17500
"GENTEAL TE",17494.2
"NOXAFIL 10",17493
"LEUCOVORIN",17447.907
"APAP/CODEI",17277
"DESLORATAD",17266
"METHAZOLAM",17249
"TRANYLCYPR",17236
"ADCIRCA (T",17167
"RUGBY EYE",17090.5
"ISDN 10MG",17067
"FIBER LAXA",16990
"BUSPIRONE1",16971
"CITRATE OF",16928
"LDR P/FVR",16882
"MOVANTIK 1",16852
"OXALIPLATI",16842.4
"RIFAMPIN 3",16820.23
"VOL-CARE R",16710
"DESONIDE C",16530
"AMETHIA TA",16471
"CAMRESE LO",16380
"OMEPR4ZOLE",16252
"AVASTIN (B",16218.911
"MUCINEX 60",16171
"DEPAKOTE 5",16170
"DEPAKOTE 2",16141
"S/B ANTACI",16070
"CEFPODOXIM",16046
"NEO/POLY/H",16020
"WARFARIN 7",15989
"OPDIVO",15883.1
"IMBRUVICA",15883
"PAXIL O/SU",15840
"NATURAL BA",15825
"SELEGILINE",15765
"Q-TAPP ELI",15757
"GILENYA HG",15668
"JOLIVETTE",15634
"GOLYTELY P",15621
"NORDITROPI",15613.5
"ZORTRESS T",15519.97
"GAVILYTE -",15511.66
"DROBABINOL",15476
"LIVALO",15423
"NYSTAT-TRI",15405
"ULORIC 80M",15399
"DESETHEST",15344
"AMICAR ORA",15305
"ROZEREM (R",15236
"CORLANOR (",15234
"INFANTS GA",15230
"DONABINOL",15201
"PREZISTA 1",15184
"CPL HC 1%",15134.3
"IFEREX 150",15130
"Q-DRYL",15012
"GAVISCON L",14950
"COLCRYS 0.",14949
"LOPINAVIR",14935
"KIDKARE CO",14901
"TANZEUM (A",14771
"ASACOL HD",14730
"APIDRA 10M",14650
"LINZESS 72",14628
"CLINDAMCYI",14601
"MEXILETINE",14561
"SAVELLA 10",14542
"EPIPEN EPI",14521
"PIROXICAM",14440.43
"Q-NOL 325M",14380
"SULINDAC 1",14370
"8-HOUR ACE",14367
"RAVICTI",14350
"FENTANYL P",14349.2
"DESIPRAMIN",14271
"ATROPINE S",14265.98
"NORLYDA (N",14224
"DOXORUBICI",14190
"NORTREL TA",14170
"TRULICITY",14141.5
"NEORAL SGC",14109
"CLINDAMY P",14085
"CANDESARTA",14072
"AFREZZA 4",14040
"DESONIDE O",14010
"LIALDA 1.2",14002
"NAMENDA XR",13983
"TROSPIUM U",13981
"NUCYNTA 10",13954
"GNP NICOTI",13931
"CHILD ALL",13913
"CIPRO ORAL",13860
"CELLCEPT O",13835
"TOPCARE CH",13830
"ENBREL (ET",13820.78
"BPL GABAPE",13769
"TRIPLE ANT",13709.85
"ABACAVIR-L",13682
"HYOSYNE EL",13665
"NORTREL 7/",13664
"BYSTOLIC 2",13654
"FOSAMPRENA",13484
"FLECTOR",13479
"PIRMELLA",13440
"VITAFOL-OB",13408
"RITALIN LA",13291
"TRAIM ACET",13244
"TRULANCE 3",13172
"DUEXIS (IB",13126
"ORPHEN CIT",13093
"GRALISE (G",13062
"POT CITRAT",13061
"DOK PLUS T",13013
"COUGH DM 1",12972
"SENNOSIDES",12914
"RECLIPSEN",12824
"TRAMADOL-A",12790
"SM EYE ITC",12725.5
"IROSPAN 24",12720
"RENO CAPS",12708
"JANTOVEN 5",12671
"LAMOTRIG E",12663
"ABACAVIR /",12651
"TOVIAZ (FE",12571
"GNP ARTHRI",12556
"CYTRA-2 SO",12503
"VELIVET TA",12488
"GEL, METRO",12475
"LAXATIVE S",12452
"MIBELAS  2",12432
"SKLICE LOT",12404
"ASPIRIN AD",12396
"AUGMENTIN",12325
"WELLBUTRIN",12317
"PREMPRO .6",12274
"AZURETTE T",12236
"GNP ZINC O",12218.5
"APTIOM 800",12218
"DICLOFFENA",12180
"MUCINEX FA",12115
"RENAGEL 40",12076
"MELODETTA",12068
"APTIOM 400",12066
"CALCIUM EX",12036
"LOVAZA CAP",12020
"DILANTIN I",12007
"EMOQUETTE",11898
"INJECTAFER",11888.38
"LAMICTAL C",11880
"REVATIO (S",11878
"DRO+ETHIN+",11872
"LDR PAIN R",11868
"AMOX/CLAVU",11860
"ESTRACE 42",11857.5
"DIGOXIN 25",11850
"AMINOPHYLL",11790
"NEOMYCIN A",11784.5
"1 FEREX 15",11729
"CHEST CONG",11727
"IODROL NR",11642
"SYSTANE UN",11619
"MYTAB GAS",11618
"ZOLOFT (SE",11522
"CALAMINE L",11481
"JUNEL FE-2",11452
"PROVIL",11449
"ENDOCET, 5",11447
"AGGRENOX(A",11412
"ASPIRIN AN",11410
"CITRUCEL S",11388
"PANOXYL AC",11387
"RYNEX DM",11385
"SUSTIVA",11339
"VIBRAMYCIN",11309
"TIAGABINE",11305
"TRI LEGEST",11256
"ESBRIET 26",11241
"DESONIDE .",11199.43
"MESTINON S",11186
"APTIOM 600",11179
"SABRIL TAB",11154
"NICORETTE",11151
"REVLIMID (",11091
"CONCERTA 3",10986
"FINACEA FO",10950
"VIBERZI (E",10942
"NOVOLIN N",10920
"RIFAMPIN",10902
"GOOD NEIGH",10887.6
"IBRANCE (P",10820
"ZOLEDRONIC",10801.5
"DESONIDE L",10797
"LEXISCAN .",10776.25
"GYCOPYRROL",10773.39
"LARIN 24 F",10752
"LOSARTAN A",10740
"LDR ADULT",10718
"VOL-TAB RX",10676
"QUASENSE T",10647
"FELCAINIDE",10628
"CARTIA XT",10618
"RIVASTIGMI",10546
"NEFAZODONE",10525
"METHYPHENI",10523
"TAYTULLA 1",10504
"ABSORICA C",10440
"TAZORAC CR",10410
"DUTASTERID",10394
"RESTASIS M",10389.5
"PREMARIN N",10386
"LOSSARTAN",10342
"VORICONAZO",10332
"VITAFOL UL",10320
"FIBER THER",10299
"SYNJARDY 1",10290
"VESTURA (D",10248
"XEOMIN",10225
"BROVANA (A",10202
"TELMISARTA",10180
"ETODOLAC C",10115
"LEVORPHANO",10094
"ALECENSA 1",10080
"DEXILANT 3",10059
"CLORAZEPAT",10052
"ANASTRAZOL",9998
"TIMOLOL GE",9980
"ABACAVIR/L",9974
"YUVAFEM (E",9926
"NARATRIPTA",9916
"CAPSAICIN",9910
"DEXMETHASO",9879.75
"DOBUTAMINE",9875.65
"LARIN 1/20",9849
"KUVAN",9840
"LEVOFLOXAV",9807
"NICOTINE",9788
"CHERRATUSS",9783
"EFAVIRENZ",9735
"LOXAPINE S",9726
"SPINOSAD 0",9720
"PHENYTOING",9711
"DILANTIN 3",9685
"EMTRIVA",9657
"JAKAFI",9654
"XELODA 500",9645
"HECTOROL I",9643.5
"MAPAP 80MG",9627
"LEVORA TAB",9604
"DIOCTO LIQ",9571
"ORPHEN/CIT",9550
"LOSARTAN T",9530
"SPRYCEL",9425
"RAPAFLO 8",9425
"XIGDUO XR",9420
"FENOPROFEN",9420
"DAPSONE 25",9345
"FEVERALL A",9303
"ENDOCET 7.",9262
"PROMACTA T",9255
"NUCYNTA ER",9250
"BPL METRON",9132
"Q-TUSSIN L",9113
"SM FEXOFEN",9080
"XOPENEX",9072
"ADDERALL T",9052
"EPCLUSA  4",9002
"SM LORATAD",9001
"THIOLA TAB",9000
"SYSTANE UL",8948.5
"ATHLETE'S",8940
"HORIZANT (",8940
"ZUBSOLV 2.",8933
"SPORANOX (",8930
"TRIAM/HTZ",8885
"CLOZARIL T",8882
"CIALIS",8878
"ECPIRIN",8860
"PAIN/FEVER",8856
"EFFEXOR XR",8803
"MINASTRIN",8792
"FELBATOL 4",8791
"FOCALIN TA",8787
"SENEXON LI",8752
"CYCLAFEM 1",8708
"OMEGA3 ACI",8700
"ACZONE (DA",8700
"NOVOLIN R",8655.1
"PIMOZIDE T",8630
"NICOTROL N",8630
"EQUETRO 20",8610
"CARBIDOPA-",8595
"LDR 8HR MS",8592
"KUVAN POWD",8550
"GEMCITABIN",8460.42
"AUBAGIO 14",8456
"CLEARATADI",8447
"COMPLETE N",8400
"THEO-24 20",8385
"JENCYCLA",8372
"DASETTA 7/",8372
"SM ANTACID",8348.9
"REXULTI 3.",8345
"OPTIVE ADV",8321
"DAPSONE GE",8310
"ANAGRELIDE",8300
"PROBENECID",8293
"DROXIA",8291
"LETAIRIS 1",8220
"BENAPHEN",8195
"PIOGLIT+ME",8190
"REMICADE",8156.7
"COMBIGAN 0",8120
"HYDRO PLUS",8093.94
"TUMS PEPPE",8080
"NEXAVAR",8070
"TAZAROTENE",7920
"TRIAZOLAM",7895
"GNP DOCUSA",7892
"BYDUREON P",7854
"MANNITOL 2",7850
"MEPHYTON 5",7835.5
"METHLYPHEN",7834
"NORETHIND-",7800
"DOCUSATE C",7779
"DEPAKOTE 1",7755
"PSEUDOPHED",7749
"FERRLECIT",7694
"BIDIL (ISO",7693
"FLURBIPROF",7648.5
"LEVONEST T",7616
"ZYPREXA",7564
"VENLAXAFIN",7562
"INTUNIV 4M",7480
"DAPSONE US",7467.9
"LEFLINOMID",7466
"SM MINERAL",7448
"KURVELO",7420
"VENOFER",7417.55
"MAX STRENG",7415
"SM MILK OF",7390
"PERJETA (P",7389
"NYSTATIN",7382
"VIRT CAPS",7380
"RAPAMUNE L",7380
"DAYSEE  (L",7371
"DEXMETHYPH",7368
"LOXAPINE C",7349
"GLATOPA 20",7328
"SODIUM GLU",7285
"NUCYNTA 75",7245
"AMLOD/BENA",7215
"SEBEX SHAM",7200
"INVEGA SUS",7188.287
"REXULTI 0.",7173
"TOBI PODHA",7168
"BENZACLIN",7165
"EPIDUO FOR",7155
"PROGLYCEM",7138.2
"SM ALLER&C",7108
"AZOPT",7085
"SODIUM SUL",7080
"ZEASORB-AT",7078
"SENNA AND",7038
"HCTZ- CAPS",7035
"AMNESTEEM",7030
"HYDRO LOT",6986
"CGH/COLD D",6978
"FERRIPROX",6915
"IOPHEN-DM",6910
"LDR ASPIRI",6900
"BETHKIS",6896
"PYLERA CAP",6876
"ETOLODAC X",6841.436
"INTUNIV 2M",6839
"URSODIOL 5",6822
"TYVASO (TR",6797.6
"DRL CETIRI",6788
"FAMCILCOVI",6784
"NORVIR 80M",6776
"VIIBRYD 10",6739
"LOSARTAN 2",6735
"ATOVAQ/PRO",6717
"SM CETIRIZ",6704
"PRISTIQ EX",6703
"ZUBSOLV 1.",6661
"ETODOLAC 3",6620
"FENTANYL C",6598
"MORHPINE S",6585
"ZOLMITRIPT",6551
"SYSTANE BA",6541
"SYSTANE GE",6524.5
"FENTANYL M",6511
"NORE ACE/E",6468
"ADEFOVIR D",6450
"INTUNIV 3M",6443
"ZALEPLON 1",6430
"SENNA-TIME",6424
"SUDOGEST P",6420
"LDR ACETAM",6410
"XOLAIR (OL",6375.741
"SLEEP AID",6351
"NOR - BE 0",6330
"ORPHENADRI",6292.87
"REXULTI 4.",6277
"PRADAXA 75",6262
"VOTRIENT T",6254
"SM INF PAI",6245
"RYTARY, 23",6244
"AEROSPAN (",6238.9
"PRAZOSIN 5",6227
"DAYTRANA 1",6208
"GNP ANTI D",6203
"WATER STER",6193.5
"WERA 0.5MG",6188
"APTIOM 200",6186
"PAIN REIEV",6184
"ULTRA LUBR",6167
"KETOPROFEN",6164.9
"NICODERM C",6159
"NICOTINE L",6156
"B/AP/CC50/",6153
"VIMOVO",6138
"ZEPATIER 1",6132
"AMICAR 500",6127
"ZILEUTON E",6120
"LOSARTAN K",6090
"XOPENEX 1.",6089.6
"TRAVATAN Z",6077.5
"BETASEPT S",6060
"PHENELZINE",6054
"INTUNIV 1M",6045
"QUILLICHEW",6035
"NITRO- BID",6032.453
"NYSTATIN/T",6030
"PROGRAF 0.",5985
"JANTOVEN 1",5966
"CONCERTA 5",5963
"SM EYE LUB",5940
"ANDRODERM",5938
"MEROPENEM",5908
"RELISTOR T",5901
"IVERMECTIN",5897
"SENNA S TA",5891
"CAYSTON (A",5880
"ISIBLOOM 0",5880
"DEXA INT .",5843.5
"DEXTROAMPE",5835
"MY WAY  TA",5826
"SEROQUEL 1",5825
"DOXY DR 10",5810
"GNP ASPIRI",5810
"ERYPED 400",5800
"CELESTONE",5784.5
"VOL-PLUS",5770
"GNP LORATA",5761
"BOTOX BOTU",5746.085
"LEXAPRO 20",5715
"RILUZOLE 5",5693
"506070% DE",5691.6
"UCERIS 9MG",5658
"BELSOMRA 2",5649
"ORTHO MICR",5628
"NADOLOL (2",5612
"MATZIM LA",5610
"CHLORPHENI",5598
"RIFABUTIN",5583
"TAMIFLU 75",5556.02
"CEFIXIME O",5550
"LEXIVA TAB",5528
"CLOTRIM 3",5506
"CALCIPOTR/",5500
"ABREVA( DO",5494
"DIPHENOX/A",5475
"EPIPEN JR.",5472
"SIMBRINZA",5432
"BARACLUDE",5430
"REMODULIN",5412
"GLYCERIN P",5407
"NECON 7/7/",5404
"TRANSDERM",5404
"EXJADE TAB",5370
"TRETINION",5345
"ADEMPAS 2.",5322
"MEFLOQUINE",5309
"METHYPLHEN",5300
"ISMN ER 12",5290
"CITRUCEL C",5269
"KAPVAY .1M",5265
"THEO-24 30",5262
"SOOLANTRA",5250
"ECPIRIN (B",5233
"ASPIRIN EN",5229
"HEARTBURN",5195
"OXAZEPAM C",5167
"TRIVIT/FLU",5150
"PINDOLOL T",5138
"PROTONIX F",5132
"NORETHESTC",5124
"ENDACOF-DM",5112
"RIBAVIRIN",5106
"SARNA SENS",5105
"ZIAGEN ORA",5100
"AACETAMINP",5086
"VALCYTE OR",5040
"EFFIENT",5040
"PYRAZINAMI",5036
"URSODIOL 2",5007
"KLONOPIN 0",5002
"LEXAPRO 10",4991
"SULINDAC T",4972
"SINGULAIR",4950
"EXELON TTS",4950
"LDR IBUPRO",4948
"AMBIEN 10M",4946
"TAGRISSO 8",4935
"ZENPEP CAP",4930
"DIHYDROERG",4927
"INTROVALE",4914
"NADOLOL  8",4912
"GLATIRAMER",4896
"EMFLAZA (D",4880
"RYTARY, 36",4880
"NASAL SPRA",4860
"CRESTOR 10",4850
"HARVONI  (",4844
"BISCOLAX 1",4809
"TRI-VIT/FL",4800
"TAZTIA XT",4796
"PROZAC",4770
"TRIMETHOBE",4765
"XANAX 1MG",4755
"LARIN 1.5/",4739
"TRIANTEREN",4727
"ADENOSINE",4723.277
"INFANT PAI",4723
"KAO-TIN LI",4721
"DONNATAL E",4708
"GLEEVEC FC",4700
"PROCRIT (E",4698.555
"ITRACONAZO",4682.16
"HM EYE ITC",4673
"MOXIFLOXAC",4656
"TRIVORA  T",4652
"SAVELLA 25",4649
"ZOVIA  1/3",4620
"FANAPT 6MG",4595
"CELLCEPT C",4590
"TETRABENAZ",4567
"ZUBSOLV 11",4549
"TAFINLAR C",4530
"ADDERALL E",4501
"CYSTADANE",4500
"NERLYNX (N",4500
"TEARS NATU",4485
"VIVITROL (",4473.555
"COPAXONE L",4467
"VR CHILD'S",4463
"SODIUM FER",4451
"DYANAVEL T",4449
"GLUCOPHAGE",4440
"ALAWAY (KE",4430
"GENGRAF CA",4430
"TINIDAZOLE",4383
"ENVARSUS X",4380
"CELLCEPT 5",4380
"SM LANSOPR",4376
"ASCOMP W/",4372
"ACITRETIN",4371
"YAZ",4368
"SM APIRIN",4350
"WYMZYA FE",4340
"VALACYCLOF",4327
"COMPLETE A",4298
"OB COMPLET",4290
"EQUETRO 30",4290
"VIRT-PHOS",4287
"JUNIOR STR",4272
"GABLOFEN 2",4270
"EPZICOM TA",4260
"MUCINEX D",4252
"VITAFOL GU",4230
"GNP TERBIN",4212.2
"PIPERACILL",4211.999
"CYCLOPENTO",4187
"AZASAN-AZA",4185
"BICILLIN L",4153.919
"SALSALATE",4140
"ALBENZA (A",4117
"RASAGILINE",4110
"ROBAFEN-AC",4099
"EAR WAX RE",4095
"FERROUS SU",4094
"HM CHILD I",4094
"QUFLORA PE",4090
"PROPOFOL E",4086.5
"SEROQUEL 5",4080
"ZYTIGA 500",4080
"QVAR BA IN",4064.7
"DISOPYRAMI",4050
"SUPHEDRIN",4036
"DIOVAN (VA",4019
"BELSOMRA 1",4018
"MIDAZOLAM",3994.86
"AFINITOR T",3993
"HERCEPTIN",3987.351
"VOSEVI 400",3983
"DELSYM COU",3977
"TILIA  FE",3976
"GLUCAGON",3968
"LOXAPINE 5",3960
"RYTARY, 48",3940
"CRESTOR 20",3939
"METHERGINE",3934
"SAPHRIS 2.",3925
"CRESTOR 40",3915
"LUMIGAN 0.",3907.5
"KLOR-CON 8",3904
"BEZTROPINE",3900
"SULFADIAZI",3868
"LUTERA   (",3864
"E.E.S. GRA",3862
"ASPIRIN FC",3851
"PERCOCET 1",3850
"HEPARIN 50",3841
"FETZIMA 40",3841
"KAITLIB  F",3836
"NITROSTAT",3810
"MIRTAZIPIN",3810
"OFEV (NINT",3810
"FETZIMA 80",3790
"EZETIMIBE/",3780
"ASPIRIN",3780
"MICONAZORB",3763
"PARICALCIT",3746.5
"SYNJARDY 5",3720
"NUTROPIN A",3704
"INVANZ I.V",3701.36
"METHAMPHET",3700
"LORCET HD",3695
"NEOMYCIN S",3685.3
"SODIUM CAR",3660
"JANTOVEN 2",3650
"FOSRENOL 1",3641
"METHYLPENI",3639
"ISOTONIC G",3635.5
"OXANDROLON",3630
"HM LORATAD",3624
"NADOLOL 80",3623
"TOBRADEX O",3619
"TRACLEER (",3600
"FANAPT 8MG",3585
"BIKTARVY",3583
"REFRESH LI",3575
"PNV 29-1 T",3570
"IRINOTECAN",3558
"KALYDECO (",3556
"ALLERGY D-",3554
"XTAMPZA ER",3552
"ETODOLAC E",3550
"DYMISTA",3542
"JANTOVEN 4",3524
"SYEDA 3MG/",3500
"FANAPT 4MG",3479
"FYAVOLV  T",3474
"COPAXONE (",3463
"TESTERONE",3450
"PATADAY",3445
"LORZONE 75",3440
"PEDIA-RELI",3435
"VIOKACE 20",3430
"K-PHOS ORI",3428
"ELETRIPTAN",3424
"GENTEAL SE",3400
"LACRI-LUBE",3396.75
"Q-PAP LIQU",3394
"ALOXI .25M",3380.6
"FLURAZEPAM",3363
"ZOVIA 1 MG",3360
"DAYTRANA 3",3360
"OPSUMIT (M",3360
"EVEKEO (AM",3346
"PREVACID 3",3335
"GENTEAL EY",3330
"NADOLOL (4",3330
"MAKENA",3318.748
"MIFEPREX",3315
"TOPROL-XL",3308
"SILENOR",3306
"ABILIFY MA",3297.962
"NUVARING R",3253.1
"LDR ARTH P",3253
"METFORMINH",3240
"ZEASORB JO",3226
"NASAL RELI",3225
"ACEBUTOLOL",3215
"DAYTRANA 2",3210
"VELTASSA P",3189
"HM FEXOFEN",3189
"AMETHIA LO",3185
"DUPIXENT 3",3184
"ENEMEEZ MI",3158.464
"TESTIM (TM",3150
"ETODOLAC 2",3148
"CRINONE 8%",3126
"PREMPRO CO",3110
"AMETHYST 0",3108
"CONCERTA 2",3097
"PROMETHEGA",3092
"ASPIRIN DI",3090
"DIFLORASON",3088
"ASPIRIN TA",3070
"DARIFENACI",3060
"GNP PINK B",3045
"FLEET LAXA",3011
"BENICAR (O",3000
"ETOPOSIDE",2972
"PINDOLOL 1",2970
"SYPRINE 25",2970
"LETAIRIS 5",2970
"RAYOS",2940
"SYNJARDY X",2940
"ETHYNODIOL",2940
"TYKERB TAB",2925
"ACTEMRA  8",2919.15
"DELYSM EXT",2912
"SEASONIQUE",2912
"CARBIDOPA+",2910
"NEXIUM 20M",2865
"INVIRASE 5",2856
"CICLPPIROX",2846.4
"NEUPOGEN (",2840.505
"CODEINE SU",2838
"CYCLOPHOSP",2837.7
"OLMESTN/AM",2834
"KLONOPIN 1",2829
"ZARAH TABL",2828
"FANAPT 2MG",2826
"NUPLAZID 1",2826
"CONCERTA 1",2814
"ZETIA 10MG",2808
"BPL LISINO",2803
"DAPSONE TA",2801.5
"VITAMINS A",2800
"COSOPT PF",2772
"ORTHO CYCL",2772
"CAMBIA",2765
"TERBUTALIN",2760
"POTTASSIUM",2743
"JANTOVEN 3",2739
"ALLERGY  A",2737
"NADOLOL TA",2730
"VYVANSE CH",2727
"MIMVEY TAB",2716
"EDARBYCLOR",2703
"RECTIV 0.4",2700
"LIDODERM (",2700
"CRESEMBA 1",2688
"AMLO+VAL+H",2632
"TAMIFLU 30",2615
"DILAUDID 4",2610
"BETA NAPO4",2586
"NUCYNTA (T",2580
"CYRAMZA",2566
"RETIN-A CR",2565
"PRENATE ES",2550
"PURIXAN",2550
"ZONTIVITY",2550
"XANAX 2MG",2550
"LIORESAL I",2535
"TARCEVA 15",2520
"SORE THROA",2493
"GLYXAMBI 2",2490
"FANAPT 12M",2476
"LDR 8H ART",2475
"ISORDIL OR",2466
"ZENCHENT",2464
"FEMYNOR (N",2464
"RILUZOLE F",2460
"LUNESTA (E",2460
"GEMZAR",2457.06
"TRAZADONE",2453
"AFTERA (LE",2447.5
"LYNPARZA 1",2440
"TRISENOX (",2432
"XOPENEX HF",2430
"FOSRENOL 5",2430
"PRENATE DH",2430
"ERYTH FT 2",2419.2
"NATAZIA",2408
"BENDEKA 10",2400.68
"EPIVIR ORA",2400
"ORAL SUSPE",2400
"ESTROPIPAT",2396
"FETZIMA 12",2377
"INGREZZA 4",2377
"PALIVIZUMA",2374
"ONGLYZA 2.",2369
"CLINDEMYCI",2350
"DIOVAN  (V",2340
"ZATEAN PLU",2340
"CLARINEX S",2335
"ARANESP (D",2327.992
"AMBIEN CR",2314
"AMOX C XR",2313
"2G/50ML CE",2312.5
"ONEXTON 1.",2300
"EPOGEN (EP",2297.286
"CARNITOR I",2285.04
"FETZIMA 20",2265
"ADDED STRE",2260
"PHERPHENAZ",2240
"YASMIN",2240
"AMCINONIDE",2220
"LOPREEZA (",2212
"EPINASTINE",2210
"KLOR-CON O",2197
"MORPHABOND",2195
"LITH CARB",2191
"OSPHENA (O",2190
"BION TEARS",2185.16
"SOLIQUA 10",2184
"NECON 1/50",2184
"JULUCA 50M",2180
"AFEDITAB C",2173
"CHLOROTHIA",2168
"VALCYTE 45",2162
"LINDANE SH",2160
"ARCAPTA NE",2160
"OXYMETAZOL",2160
"DESPRAMINE",2160
"NON-STAINI",2145
"PROCTO-PAK",2131.6
"EDARBI 80M",2130
"TAZORAC",2130
"XALKORI (C",2130
"VENCLEXTA",2108
"CAPTOPRIL/",2100
"CEFACLOR O",2100
"LANTHANUM",2100
"ZALEPLON 5",2092
"GNP LANSOP",2088
"STIVARGA",2072
"PLAVIX",2070
"PODOFILOX",2068.5
"NAMZARIC 2",2066
"PROCTOFOAM",2060
"QNASL AERO",2052.4
"FERRAPLUS",2040
"FANAPT 10M",2040
"THEO-24 40",2024
"ZOHYDRO ER",2022
"NECON  0.5",2018
"ORENCIA SC",2012.08
"CYTRA-K CR",2010
"ESCALITOPR",2010
"VALTREX CA",1980
"TRELEGY EL",1980
"BISA-LAX L",1978
"MIRENA",1977
"PLAQUENIL",1965
"KINERET 10",1960.42
"VYFEMIA TA",1960
"DOUBLE ANT",1957.25
"ORENITRAM",1956
"FENTANYL R",1939
"CYTOMEL  5",1935
"CAZIANT  T",1932
"CORVITA 15",1920
"CUVITRU 8G",1920
"JUBLIA TOP",1909
"LDR NICOTI",1900
"FERAHEME",1885.18
"SAFYRAL TA",1876
"LORCET HYD",1876
"TRIPLE ANI",1876
"GNP ANTI-D",1871
"COSENTYX S",1864
"ZOMIG 5MG",1864
"K-EFFERVES",1857
"NEPHRON FA",1854
"FLUTIC/SAL",1851
"SOTALOL AF",1830
"RAPAFLO 4",1821
"ALINIA FOR",1800
"TRUVADA 10",1800
"GELNIQUE (",1800
"IREBESARTA",1790
"XIFAXAN",1786
"CELEBREX 2",1782
"LIORESAL (",1780
"SM FEXODEN",1777
"NASONEX NA",1768
"KIMIDESS",1764
"KYPROLIS (",1761.276
"CRESTOR 5M",1759
"CARISORPOD",1753
"COMPRO (PR",1747
"EQUETRO 10",1740
"APAP 325MG",1740
"DIAZEPAM R",1739
"CATAPRES-T",1734
"IBU-DROPS",1730
"GRANISETRO",1729.2
"BENLYSTA L",1723.337
"INFANTS' C",1720
"GEODON (ZI",1716
"DUREZOL",1700
"DESENEX AT",1700
"POLY-VI-FL",1700
"KEYTRUDA 1",1691.06
"HEMORRHOID",1684
"PREP-H, 2O",1683
"OPTION 2 (",1673.5
"SCOPOLAMIN",1673
"REPATHA (E",1672
"ZARONTIN C",1670
"INGREZZA 8",1667
"NAMENDA 10",1650
"QBRELIS (L",1650
"DEPO-PROVE",1649.754
"DIPHEN 2%",1639.3
"ULTRA STRE",1638
"CEFEPIME F",1628.25
"LDR MUCUS",1628
"HEMATOGEN",1627
"THEO-24 10",1620
"CYCLOSET 0",1620
"TAKE ACTIO",1614
"BEVESPI AE",1605
"FALLBACK S",1604
"AMIKACIN S",1595.14
"SEROQUEL 2",1590
"SOLU-MEDRO",1576.375
"BOSULIF BO",1575
"HYDROQUINO",1575
"JANTOVEN 7",1566
"PANCREAZE",1560
"GLYXAMBI 1",1560
"GNP CHILDR",1536
"POMALYST",1533
"PNV - SELE",1530
"ASPIRIN E/",1514
"CEFEPIME P",1512
"THERA-GESI",1510
"TRIZIVIR T",1500
"PROGRAF 5M",1494
"XENAZINE 2",1490
"SAVELLA TI",1485
"GILDAGIA",1484
"BEYAZ",1484
"CAMPTOSAR",1475
"SIMPONI AR",1471.52
"ZORVOLEX 3",1470
"TARON-C DH",1470
"TARCEVA 10",1470
"SUNMARK NT",1466
"UNITHROID",1458
"OSCIMIN SR",1458
"KALYDECO O",1456
"GENERESS F",1456
"MANNITOL I",1450
"TRANDOLAPR",1440
"CALCITONIN",1439.3
"IBANDRONAT",1433
"MEDIFIN 40",1432
"NYSTATIN 5",1426
"BETAXOLOL",1420
"AFEDITAB",1420
"NAMZARIC 1",1418
"FORFIVO XL",1413
"PINDOLOL 5",1410
"SAVELLA 12",1389
"REVLIMID(L",1385
"FROVATRIPT",1382
"ERY 2% PAD",1380
"MURO 2% SO",1380
"PREDNICARB",1380
"ARANELLE T",1372
"CONCENTRAT",1370
"SEROQUEL 4",1365
"TRIFLURIDI",1365
"EMSAM (SEL",1364
"TRI-BUFFER",1358
"BURPOPION",1350
"DUAVEE (CO",1350
"ZENCHENT 0",1344
"INFANT IBU",1340
"BAC ZINC/P",1337.5
"FORTEO",1336.5
"HYSINGLA E",1336
"NORVASC (A",1334
"AVONEX (IN",1332
"PARAGARD T",1330
"ORGAN-I NR",1330
"SUPHEDRINE",1323
"KISQALI FC",1323
"QUELICIN(S",1323
"OPIUM TINC",1322.2
"APLENZIN E",1320
"VRAYLAR CA",1319
"STOMACH RE",1318
"ZOVIRAX CR",1305
"OCALIVA 5M",1294
"GABITRIL 4",1290
"LDR SLEEP",1288
"PROB/COLCH",1282
"PREMIER VE",1278.1
"TEKTURNA 3",1260
"BELBUCA 30",1260
"VINBLASTIN",1253
"CUPRIMINE",1250
"ACTEMRA 20",1247.5
"FONDAPARIN",1246.3
"MEPERIDINE",1245
"SUPREP BOW",1240.98
"SEROSTIM",1239
"RENVELA PO",1236
"PREMPHASE",1234
"ELLA (ULIP",1232
"AZELEX (AZ",1230
"ACIPHEX 20",1230
"CDLD & ENT",1230
"8 HOUR ER",1229
"DIMENHYDRI",1228
"DOCETAXEL",1223.524
"DAPTOMYCIN",1220.834
"HYOSYNE OR",1215
"LUPRON DEP",1207.267
"DEMECLOCYC",1201
"SULFAZINE",1200
"WELCHOL FO",1200
"HALAVEN",1197.5
"LATUDA 60M",1195
"SM NAS SPR",1182
"ZUBSOLV 0.",1180
"TRI FEMYNO",1176
"PERDIEM OV",1176
"RISEDRONAT",1172
"TARON PREX",1170
"PACERONE 4",1169
"RIFAMPIN 1",1161
"TREXIMET T",1158
"REGRANEX",1155
"SAVAYSA (",1154
"ACTEMRA 40",1150.4
"CIPRO HC O",1150
"LOTEMAX OP",1145.5
"MEKINIST T",1140
"MURO 128 5",1139.5
"STIOLTO RE",1128
"BYDUREON 2",1117
"MAPAP JR 1",1112
"ADZENYS XR",1110
"COMBIPATCH",1104
"ACANYA GEL",1100
"TRIAH/HTZ",1095
"SALICYLIC",1094
"BUPREN/NAL",1092
"AUBAGIO 7",1092
"SM GAS REL",1087
"DEFEROXAMI",1085.75
"TEKTURNA 1",1080
"NEXT CHOIC",1076
"LOTEMAX (L",1075
"K-PHOS NEU",1069
"REBIF REBI",1068.5
"PROLIA (DE",1065.544
"BANOPHEN A",1064.4
"GABLOFEN 5",1060
"THIAMINE H",1054
"JANTOVEN 6",1046
"PYRIDOXINE",1041
"0.9% NACL",1041
"HYCODONE/A",1040
"REBIF (INT",1040
"ACEPHEN 65",1034
"BETASERON",1033
"XULTOPHY 1",1032
"RILUZOLE T",1020
"DIALYVITE",1020
"FUZEON 90M",1020
"DARIFFENAC",1020
"DIASTAT AC",1016
"VECTIBIX (",1008.5
"PRED MILD",995
"EDARBI 40M",990
"TRIGELS-F",990
"FEMAZOLE",989
"GLYCERIN S",987
"ZANTAC INJ",986
"RIFAMPIN15",986
"XGEVA (DEN",983.143
"INFLECTRA",970
"BELBUCA 15",956
"TRIPLE-A O",952
"ORENCIA",938.72
"AMIKACIN 1",934.4
"COMPLETENA",930
"LAYOLIS FE",924
"CYCLAFEM 7",924
"NASCOBAL N",913.589
"INVEGA TRI",907.193
"KLONOPIN 2",900
"PHENYTEK 3",896
"FML FORTE",895
"CLEMASTINE",895
"VITAMIN D3",885
"COTEMPLA X",885
"CUBICIN 50",871.416
"ZATEAN CH",870
"VELETRI EP",870
"HIZENTRA 1",869.6
"ACTEMRA SC",869.4
"NAFCILLIN",858
"DOXEPIN 25",844
"TRIMTHOBEN",843
"MAPAP 80 M",840
"DDAVP 4MCG",835
"BETHAPRIM",833
"ONZETRA XS",832
"DIAZEPAM C",819
"CEREZYME (",811.6
"TIZINIDINE",810
"PROTONIX T",810
"NESINA 25",810
"NEUPRO 2 M",810
"CLEOCIN VA",807
"REFRESH PM",804.5
"LDR LANSOP",804
"CELEXA  20",797
"AVONEX PRE",786
"TIMOPTIC 0",780
"ZEJULA",780
"MIRVASO GE",780
"PROAIR INH",772.623
"XELODA 150",766
"ZIOPTAN 30",765
"TRIPLE MOI",764.8
"ALIMTA",764.511
"YERVOY",762
"TAMIFLU 45",755
"FASLODEX 5",754.96
"CEFOXITIN",753
"FERRALET 9",753
"TOBRADEX",752.5
"METADATE E",752
"VENOFER IR",749.65
"LUMIZYME (",749
"ARISTADA 8",745.6
"VELCADE (B",745.261
"NEULASTA (",744.6
"CABOMETYX",744
"XIFAXAN IB",743
"BUTORPHANO",740
"FARESTON",735
"PAZEO",732.5
"EMEND FOR",731.043
"ZOMACTON 1",730
"GENTAK OIN",724.5
"PROTRIPTYL",720
"BENICAR HC",720
"GILOTRIF 3",720
"NUVIGIL 25",720
"AMLOD/OLME",720
"ERYGEL 2%,",720
"CHLOROQUIN",707
"FUNGOID TI",705.7
"SOLU-CORTE",704
"CINRYZE C1",703.8
"NPLATE (RO",703.16
"TEFLARO 60",700.759
"MYZILRA",700
"JEVANTIQUE",700
"AUBRA",700
"ENEMEEZ PL",696.167
"NEUPRO 4 M",690
"THEOPHLLIN",690
"BISO/FUM/H",690
"INVEGA 6MG",690
"ROPRINIROL",690
"INFANT GAS",690
"ALINIA TAB",689
"OMNITROPE",684
"ICLUSIG TA",675
"FUSILEV, 5",670
"ASMANEX TW",669.058
"COLACE CLE",660
"NYSTATIN-T",660
"NEUPRO 8 M",660
"GILOTRIF 2",660
"VIRT-C DHA",660
"VIRT-VITE",660
"PRISTIQ (D",656
"MEFENAMIC",654
"RHOGAM ULT",653
"ADULT CHEW",630
"PENNSAID",626
"PIPERACIL/",625
"45% UREA N",616
"DIFICID TA",615
"OLAPATADIN",610
"ZARXIO 480",605.028
"MYCAMINE (",600.63
"AMLO+OLME",600
"GRALISE 30",600
"CARDIZEM L",600
"BISA-LAX 5",596
"ZENCHENT F",588
"1G/50ML CE",587.5
"ALMOTRIPTA",586
"APREPITANT",578.36
"BYETTA 250",574.8
"ORACEA 40",570
"OXACILLIN",568.6
"HEALTHYLAX",568.204
"MYDAYIS 25",555
"PALIVAZUMA",555
"KERYDIN 5%",550
"OXYTROL (O",548
"BUTRANS (B",545
"AMBISOME L",542.4
"ONGLYZA 5",540
"MYDAYIS 37",540
"3 DAY VAGI",535.2
"H.P. ACTHA",535
"LEADER CLO",535
"JR. STRENG",528
"BUPRENOFPH",528
"EMVERM",524
"CEFACLOR C",520
"TUDORZA PR",518.31
"SENOKOT EX",516
"DARAPRIM T",514
"AMRIX 30MG",510
"PNV PRENAT",510
"EPIVIR TAB",510
"OCREVUS 30",509.991
"GENOTROPIN",509
"ZEMPLAR(PA",506
"MENEST TAB",506
"DOCUSOL MI",505
"PHILITH 0.",504
"NAGLAZYME",500
"POLYCIN (B",490
"VIGAMOX",489
"CLINDAMY/B",484.7
"BYDUREON B",480.85
"ROPIVACAIN",480
"DIDANOSINE",480
"AMIKACIN 5",478.2
"DEPO-TESTO",477.685
"CYRED (DES",476
"CATHFLO AC",475.5
"DURAGESIC",475
"CEFEPIME H",472.75
"ARISTADA 6",464.2
"ABREVA COL",461
"BENLYSTA S",460
"MYDAYIS 50",458
"STELARA 90",456.004
"LDR ALLER-",450
"COLY-MYCIN",450
"ACTOPLUS M",450
"PAXIL IR T",450
"MICARDIS(T",450
"SUTENT (SU",448
"CAMILA TAB",448
"VINCRISTIN",439
"ISOPTO TEA",435
"TOPCARE FE",423
"ASTEPRO 0.",420
"LIPITOR TA",420
"GILOTRIF 4",420
"EXTAVIA  V",420
"GATTEX - 3",420
"INVEGA 3 M",420
"EMEND 150M",418.688
"SOLU MEDRO",413
"SSKI",411.7
"SYMLIN 1MG",410.4
"DACARBAZIN",409
"PRIMAXIN 2",408
"ZARXIO 300",402.041
"MOTION SIC",401
"IMIPENEM A",400
"DESFERAL V",398
"PROMETHAZO",397
"AMRIX 15MG",396
"TL GARD",390
"ZURAMPIC (",390
"INVEGA 9MG",390
"ELAPRASE 6",390
"TREXALL TA",383
"ONIVYDE 43",381.163
"CLOMIPHENE",381
"SPIRIVA 5",380
"CORTISPORI",375
"TOPCARE LU",375
"INFED (IRO",374.46
"XATMEP",373
"GENETROPIN",371
"STRIVERDI",367.5
"ARISTADA 1",366.6
"CEFTAZIDIM",365.916
"CLIMARA PR",364
"ENTYVIO 30",361.003
"FLUVASTATI",360
"XADAGO TAB",360
"CUVITRU 2G",360
"BECONASE A",350
"OMNARIS (C",350
"TRIESENCE",348.075
"CUBICIN RF",347.364
"CORTIFOAM",345
"RELPAX (EL",340
"CIMZIA PRE",337.003
"OPCICON ON",336
"CELEXA 40M",335
"NEO/POLY/B",332.5
"GLIMEPRIDE",330
"PRIFTIN (R",330
"DEPO-ESTRA",320
"SYSTANE NI",318.5
"PRALUENT 7",318
"HIZENTRA 2",317
"FLO CHILDR",306.9
"PBOS (LEVO",302
"RELENZA DI",300
"TEMOZOLOMI",295
"OTOVEL",294
"MAXALT-MLT",294
"SANI-SUPP",294
"BEPREVE (B",290
"AZACITIDIN",289.77
"NUCALA (ME",287.17
"NAROPIN (R",285.2
"TIGECYCLIN",282
"HIZENTRA 4",280.35
"MONUROL",277
"JUBLIA 4ML",272
"TOBREX OIN",269.5
"BESIVANCE",265
"COPPER TRA",263.77
"LEUKINE LY",263.2
"PFIZERPEN",262.296
"ABRAXANE 1",259.64
"METHYLERGO",259
"INVANZ ADD",259
"LILETTA 52",258
"PATANOL 0.",255
"DEMEROL(ME",251
"PRIVIGEN",250.95
"LEVOBUNOLO",250
"BERINERT",247.66
"TYSABRI (N",244.009
"ARISTADA 4",243.2
"TALTZ",243
"ZOFRAN INJ",242
"VITAMIN K1",240.4
"NEOSTIGMIN",238
"NARCAN (NA",235.4
"DELESTROGE",233.1
"SOLIRIS",232.667
"NACL 0.9%",230.25
"RELISTOR P",225
"BLEPHAMIDE",218
"SUPRAX CAP",217
"BICILLIN C",212.009
"GLUCAGEN",211
"ZEMPLAR, 5",198.4
"MOVIPREP",196
"PROTONIX I",194.32
"PHOSPH. IO",192
"FLUTICA/SA",191.9
"GYNAZOLE 1",189.312
"GATIFLOXAC",185
"IMIPENEM-C",184
"UNASYN (AM",182
"CLINDESSE",181.656
"NALOXONE H",181
"BETOPTIC S",180
"PITOCIN 10",178
"OTREXUP (M",177.6
"PRALUENT 1",174
"VPRIV (VEL",173
"ZOMETA VIA",172.75
"EYLEA  (AF",170.9
"DENAVIR 1%",170
"DIAZEPAM I",166
"ZIRGAN (GA",165
"ALVESCO (C",164.7
"NAVELBINE",163
"BLEOMYCIN",161
"LILETTA (L",160
"DILAUDID H",159
"STELARA 45",157.566
"FML S.O.P.",157.5
"ZOMIG 2.5M",156
"AZASITE",152.5
"RASUVO 25",152
"IMITREX TA",147
"SKYLA",147
"LANTUS NOV",140
"HUMIRA SYR",140
"SANDOSTATI",133.738
"DEMEROL (M",133.42
"PURALUBE O",133
"OZURDEX",131.715
"ILEVRO SUS",129.2
"LEVOLEUCOV",128.632
"VAGIFEM 10",128
"ILEVRO 3ML",126
"FLAREX",125
"PLEGRIDY P",124
"NEXPLANON",123
"TOPOTECAN",121.925
"DIASTAT (D",121
"MICRHOGAM",121
"SULF NA/PR",115
"KEVZARA 20",114
"NINLARO (I",114
"REACT",113
"CAPASTAT S",113
"CIMZIA",109.063
"ELIGARD 45",109
"ZOMACTON 5",109
"FIRAZYR 30",108
"PREPOPIK",106
"RASUVO 20",105.6
"ZADITOR",105
"ALVESCO 80",103.7
"LINCOCIN 3",102
"AVYCAZ (CE",101
"PRED FORTE",100
"SUMAVEL DO",99.5
"HEMANGEOL",97
"VIVELLE DO",96
"CILOXAN",94.5
"BIMATOPROS",92.5
"XALATAN SS",92.5
"TEFLARO 40",90
"PROLENSA (",90
"BOTOX COSM",88.61
"NEO-POLYCI",87.5
"BROMFENAC",86.7
"KADCYLA (A",85.24
"ALREX (LOT",85
"THYROGEN 0",84.258
"CONDYLOX 0",84
"GLUCAGEN D",84
"ILARIS VIA",80
"PRILOSEC D",78.866
"HYPERRHO S",78
"SIMPONI 50",77.5
"TREMFYA (G",74
"RASUVO 15",73.6
"PHENYLEPHR",71
"TYGACIL ND",70
"HUMATROPE",70
"ELIGARD 22",68
"XIAFLEX  (",60.11
"SANCUSO (G",60
"LASTACAFT",60
"TYMLOS  (A",59.28
"ZEMBRACE S",54
"SIMPONI 10",54
"NEBUPENT I",53
"NALOXONE S",52
"NULOJIX",49
"ADCETRIS (",47.93
"CHORIONIC",47
"VIDAZA (AZ",46.9
"ADRUCIL (F",46.6
"ZOLADEX SA",45.302
"RIMSO-50 5",41
"SOMATULINE",39.044
"GANCICLOVI",38
"STREPTOMYC",38
"ANGIOMAX (",36.12
"ZINECARDS",36
"DALVANCE 5",35.06
"FASENRA IN",35
"FIRMAGON 8",34.03
"ESTRING VA",33
"RASUVO 17.",32.2
"LOVENOX 40",31.88
"HYDRAZLAZI",31
"GRANIX INJ",30.799
"FABRAZYME",28.489
"LEVULAN KE",27
"DECITABINE",25.96
"TICE BCG",24.82
"RHOPHYLAC",24.334
"CORTROSYN",23
"OCTREOTIDE",23
"DEPO-SUBQ",22.75
"0.9% SOD C",21.25
"CORDRAN TA",20
"DILAUDID A",20
"LUCENTIS -",17.7
"ATELVIA DR",15
"BENTYL INJ",15
"TORISEL 25",14
"IFEX INFEC",13.336
"MORPHINE 5",13
"LUCENTIS 0",12.558
"DACOGEN 50",11.26
"SUPPRELIN",10.6
"LUCENTIS R",10.071
"ELIGARD 7.",4.2
"LUCENTIS",3.486
"HYDROXYPRO",1.604
"VITRASE OV",0.038
"GRASTEK 28",0
"TAPAZOLE",0
"PAMELOR 50",0
"KAO-TIN 24",0
"PANOXYL FO",0
"ALTOPREV 2",0
"AMETHIA -",0
"ZENZEDI 5",0
"ADAGEN INJ",0
"MI-ACID DO",0
"2G IN 100M",0
"PROFILNINE",0
"AVC CREAM",0
"TOPAMAX 15",0
"GENGRAF 10",0
"AUBRA (LEV",0
"NIACOR",0
"PAIN RLF 5",0
"BP VIT 3 C",0
"TRICON CAP",0
"FERIVA FA",0
"VARUBI INJ",0
"ENBRACE HR",0
"SRONYX TAB",0
"VIRT PN PL",0
"GLYDO (LID",0
"PRAMOSNE C",0
"MYCAMINE 5",0
"TOPCARE CO",0
"S/B BISACO",0
"ZONEGRAN 2",0
"ENSTILAR A",0
"AMERGE TAB",0
"LEUKERAN",0
"O-CAL PREN",0
"BROMSITE O",0
"DESOXIMETH",0
"EPOPROSTEN",0
"ATACAND 32",0
"CYTOMEL 50",0
"ALOCRIL",0
"ZYCLARA 2.",0
"LEADER LAN",0
"ANU-MED SU",0
"A & D OINT",0
"NUVIGIL 50",0
"GLYBURIDE-",0
"STRENSIQ",0
"AIRDUO 232",0
"STIMATE NA",0
"PROVENGE (",0
"FARXIGA",0
"AK-SULF",0
"RETROVIR S",0
"TYLENOL W/",0
"ORFADIN 5M",0
"NEOMYC-BAC",0
"EXT STRENG",0
"DOXY DR 15",0
"SUPPOSITOR",0
"TREXIMET 1",0
"TETRACAINE",0
"SORILUX 0.",0
"NORCO 5/32",0
"NAXPROXEN",0
"CARDURA (D",0
"CALQUENCE",0
"ANAFRANIL",0
"OPANA ER 1",0
"LEVOTHRYOX",0
"LORCET PLU",0
"ZESTRIL 20",0
"VIRAMUNE 5",0
"GAS-X EXTR",0
"RIVELSA (T",0
"CIDOFOVIR",0
"ZALTRAP 10",0
"ZENATANE (",0
"NEUPRO 6 M",0
"CAPRELSA T",0
"MAXALT 5MG",0
"THRIVITE 1",0
"CYCLOGYL 0",0
"EXONDYS 51",0
"CLODAN KIT",0
"VIRACEPT T",0
"OTREXUP(ME",0
"ALORA 0.1M",0
"VASCEPA 50",0
"FLURANDREN",0
"HM NASAL D",0
"VITAMIN B",0
"CYSTAGON 1",0
"NORPACE CR",0
"VIOKACE 10",0
"PREFEST TA",0
"MULTI-VITA",0
"ADRENALIN",0
"ZANOSAR",0
"STROVITE O",0
"FORMALDEHY",0
"VIREAD 150",0
"ERY-TAB 50",0
"ENLYTE",0
"CUTIVATE",0
"PREGNYL (C",0
"2.5% DEXTR",0
"PNV FE FUM",0
"GAS-X ULTR",0
"UPTRAVI (S",0
"AVALIDE 30",0
"HELIXATE F",0
"DERMA-SMOO",0
"FETZIMA TI",0
"S/B CHLORP",0
"GNP EYE DR",0
"BP 10-1 WA",0
"METRO IV (",0
"TOBRADEX S",0
"ELIXOPHYLL",0
"ACID CONTR",0
"VIRAMUNE T",0
"BLETROZOLE",0
"TUSSIN MS",0
"BENEFIX RT",0
"SUPRAX (CE",0
"FORTAMET 5",0
"HYDROMOREP",0
"SENNA S PL",0
"DORYX-MPC",0
"ACLCYOVIR",0
"MIGLITOL 2",0
"EXFORGE FC",0
"NATPARA, 5",0
"NOVAPLUS C",0
"APLENZIN 3",0
"PRAMOXINE",0
"CHOLESTRAM",0
"ALLERGY TA",0
"EZETIMIBE&",0
"0.25% ACET",0
"TACLONEX T",0
"AVALIDE 15",0
"DONNATAL T",0
"COREG CR C",0
"ZOFRAN TAB",0
"GONITRO",0
"COZAAR 25M",0
"VELTIN GEL",0
"RINGER'S L",0
"LOESTRIN F",0
"MAX STRT C",0
"ATROPINE O",0
"ALPHANATE",0
"LDR NASAL",0
"SUNMARK UR",0
"HALDOL DEC",0
"TRIXAICIN",0
"ED APAP LI",0
"TILIA FE T",0
"ZYBAN TAB",0
"PHENASEPTI",0
"FE W/VIT C",0
"AFINITOR D",0
"DEMSER 250",0
"ULTRAM (TR",0
"NOXAFIL PO",0
"BETAPACE 1",0
"AVAPRO 300",0
"NISOLDIPIN",0
"DOXEPIN 75",0
"POLOCAINE",0
"THALOMID (",0
"EXTINA FOA",0
"FLOLAN FOR",0
"LOW DOSE A",0
"DORIPENEM",0
"DUTOPROL 1",0
"IMFINZI, 1",0
"DDAVP 0.1M",0
"TOPETECAN",0
"LAMISIL AF",0
"AZOR 5/40M",0
"ZENZEDI 15",0
"WYMZYA  FE",0
"O-CAL FA",0
"LANOXIN IN",0
"CRESEMBA 3",0
"DOTAZONE T",0
"DIABETIC M",0
"ISOPROPYL",0
"HYGIENIC C",0
"ESCAVITE",0
"BUTENAFINE",0
"ELESTRIN G",0
"PRILOSEC F",0
"RAJANI 3/.",0
"SECURA PRO",0
"LIPOFEN",0
"S/B LORATA",0
"CLADRIBINE",0
"IDELVION 2",0
"RELISTOR 1",0
"AMARYL 4MG",0
"OLME/AMLO/",0
"LENVIMA 10",0
"MORGIDOX 1",0
"BRINTELLIX",0
"OVIDREL PR",0
"SALACTIC F",0
"SCALPICIN",0
"ONCASPAR (",0
"XERMELO",0
"DIFLUCAN (",0
"C-NATE DHA",0
"MILLIPRED",0
"LATUDA 40M",0
"CEPACOL MA",0
"REMERON (M",0
"CLENPIQ SO",0
"BENZAEPRIL",0
"NESINA 12.",0
"OXISTAT LO",0
"S/B IBUPRO",0
"HAEGARDA 3",0
"LDR CHD CG",0
"DOXIL 20MG",0
"PENTOBARBI",0
"TUSSIN 400",0
"GOCOVRI",0
"SIGNIFOR L",0
"ZOCOR 40MG",0
"DILAUDID 2",0
"SAMSCA 15M",0
"PROTONIX P",0
"CALCIUM PO",0
"PROCAINAMI",0
"OCALIVA 10",0
"ANIFUNGAL",0
"HAEGARDA 2",0
"SUDOGEST C",0
"CHATEAL",0
"RYTARY, 61",0
"JANUVIA TA",0
"RASUVO 22.",0
"PRECOSE 25",0
"RAGWITEK 1",0
"SILIQ INJE",0
"HYPERRHO M",0
"LDR COUGH",0
"ESGIC TABL",0
"ZELAPAR OD",0
"SM ACID RE",0
"TYGACIL 50",0
"ORACIT",0
"GAS-X CHEW",0
"LODOSYN 25",0
"MOEXIPRIL",0
"ILUVIEN",0
"MAFENIDE A",0
"ZENZEDI 30",0
"VIVLODEX",0
"ALPROLIX 5",0
"VYTORIN 10",0
"CAPEX SHAM",0
"TRAMADOL A",0
"DESONIDE",0
"HYQVIA 10",0
"HYPERRHO-D",0
"PREVYMIS 4",0
"FANAPT 1MG",0
"NESTABS AB",0
"FELODINPIN",0
"NULYTELY F",0
"KONSYL 6GM",0
"ARALAST NP",0
"PRENAISSAN",0
"PAMELOR 10",0
"SOMAVERT 1",0
"VIIBRYD ST",0
"SOLOFUSE 2",0
"PHENLYEPHR",0
"BELBUCA 60",0
"IMITREX NA",0
"ANTARA 90M",0
"CEREBYX (F",0
"GLUCOTROL",0
"ZYPREXA RE",0
"THERAFLU E",0
"ALPROLIX 1",0
"ZUPLENZ 4M",0
"LAXATIVE B",0
"RELISTOR 8",0
"ZIPSOR",0
"ZARAH 3 X",0
"VERAMYST N",0
"CHENODAL",0
"SOLODYN 80",0
"DEPEN TITR",0
"LYZA",0
"NOREE0.180",0
"ZOVIRAX OI",0
"MITOXANTRO",0
"MOBIC (MEL",0
"EVISTA 60M",0
"TEXACORT",0
"HALOG OINT",0
"JEVTANA 60",0
"CESAMET CA",0
"DOTHELLE D",0
"SEEBRI NEO",0
"MIRAPEX 1M",0
"VIRT PN",0
"TRIMIPRAMI",0
"HEPARIN 1,",0
"ORFADIN 10",0
"QUINAPRIL/",0
"EGRIFTA",0
"RAPAMUNE .",0
"CARBIDOPA,",0
"TRICARE PR",0
"EVISTA",0
"GNP STOOL",0
"PENTAZOCIN",0
"PARSABIV (",0
"FLORIVA .2",0
"TARGRETIN",0
"TESTOPEL 7",0
"ALOSETRON",0
"RYDAPT SOF",0
"SEROQUEL (",0
"MICARDIS H",0
"LOVENOX  6",0
"GLYCOLAX O",0
"LOVENOX PR",0
"OCTAGAM 5%",0
"DOCU LIQUI",0
"OSENI 25MG",0
"PREFERAOB",0
"HYLENEX RE",0
"BURN RELIE",0
"VITAFOL FE",0
"EX-LAX MAX",0
"TOPCARE LI",0
"CEFOTAXIME",0
"ACTOS (PIO",0
"NIGHTTIME",0
"ELITEK 7.5",0
"K-TAB 10ME",0
"PCE 500MG",0
"ZEGERID 40",0
"DDAVP .01%",0
"FLUTAMIDE",0
"TIVORBEX 4",0
"MIGLITOL 5",0
"CARTEOLOL",0
"ATIVAN 1MG",0
"PICATO 0.0",0
"NEORAL SOL",0
"CLOBEX SPR",0
"PHENYTEK 2",0
"ZENATANE C",0
"LOVENOX  8",0
"ZIAGEN TAB",0
"OTREXUP IN",0
"FEIBA 1750",0
"CELEBREX 4",0
"DIFLUCAN 1",0
"COMETRIQ 6",0
"LENVIMA 20",0
"COMBIVIR T",0
"AVODART CP",0
"ZOFRAN ODT",0
"MENTAX (BU",0
"AMBIEN 5MG",0
"FENTORA 60",0
"BUNAVAIL 2",0
"RAPAMUNE 2",0
"ISTALOL (T",0
"DONNATAL G",0
"TAXOTERE 2",0
"LUZU CREAM",0
"BRIVAIACT",0
"WINRHO SDF",0
"IXEMPRA 15",0
"ZONALON  (",0
"COAGADEX C",0
"ORFADIN 2M",0
"PERTZYE 16",0
"PREMIER PR",0
"BPO 6 FOAM",0
"FLOMAX(TAM",0
"ROSADAN GE",0
"ARYMO ER 1",0
"NAPRELAN T",0
"HEPARIN 5,",0
"1G BACTOCI",0
"MAPAP COLD",0
"RESCRIPTOR",0
"GLYSET 100",0
"AYGESTIN T",0
"CALLERGY C",0
"COLYTE W/F",0
"CLARINEX T",0
"DDAVP .2MG",0
"NATPARA, 1",0
"FLUDARABIN",0
"GELNIQUE G",0
"ERY-TAB 33",0
"NIVA-FOL -",0
"INFUVITE A",0
"APTIVUS (T",0
"XYNTHA 500",0
"OXALIPLAT",0
"LUMIZYME -",0
"KANUMA",0
"GLYSET 50M",0
"AZURETTE 0",0
"SYMPROIC (",0
"TEARS PURE",0
"SIMPONI UL",0
"COLD HEAD",0
"BILTRICIDE",0
"IDARUBICIN",0
"COUGH DM E",0
"ILARIS  VI",0
"AMLOD/HCTZ",0
"FOOT PWD 2",0
"ADYNOVATE",0
"SUBSYS",0
"INVEGA PAL",0
"MEDROL (ME",0
"ENALAPRIL-",0
"IDELVION 5",0
"ZYFLO CR",0
"XANAX XR 1",0
"UROXATRAL",0
"XERAC AC",0
"ANZEMET (D",0
"ISRADIPINE",0
"CIPRO 500M",0
"CRIXIVAN 4",0
"KENALOG SP",0
"PAMIDRONAT",0
"THALOMID(T",0
"INTRON A I",0
"SARAFEM 20",0
"ZENZEDI 20",0
"CANCIDAS I",0
"KONSYL FIB",0
"REBIF TITR",0
"SAIZEN CLI",0
"S/B HYD/CO",0
"CLEOCIN PH",0
"LENVIMA 24",0
"APRODINE",0
"PEPCID TAB",0
"DIVIGEL (E",0
"MOZOBIL 24",0
"CYTARABINE",0
"BUNAVAIL 4",0
"PRIMACARE",0
"NORTHERA 2",0
"SALICYLIIC",0
"METHOXSALE",0
"NEVANAC",0
"VITAMIN A,",0
"VIREAD 200",0
"TUMS EXTRA",0
"SM HYDROGE",0
"DOXY 100 (",0
"APLENZIN 1",0
"LINCOMYCIN",0
"GNP WART R",0
"SITAVIG",0
"K-PHOS NO.",0
"NEUPRO 1 M",0
"SANDIMMUNE",0
"TL  G-FOL",0
"VP HEME OB",0
"IDHIFA (EN",0
"CRITIC AID",0
"ZOVIA 1/35",0
"DIOVAN TAB",0
"PROCORT",0
"FENTANYL 5",0
"THERAPEUTI",0
"NONDROWSY",0
"EXTRA MOIS",0
"FEM PH VAG",0
"0.15% KCL",0
"TUSNEL DIA",0
"VITAFOL NA",0
"ACETOMINOP",0
"KETEROLAC",0
"EYE CARBOX",0
"HCTZ CAPS",0
"SSS 9.8/4.",0
"EMADINE",0
"DAUNORUBIC",0
"S/B SLEEP",0
"ZESTRIL 40",0
"MICORT-HC",0
"FLO CHILD",0
"TECENTRIQ",0
"LEVOCETERI",0
"ADMELOG SO",0
"CORVITE FR",0
"MINIVELLE",0
"TROPICAMID",0
"ACZONE 5%",0
"PENTAZ/NAL",0
"ORTHO-NOVU",0
"PEGASYS 18",0
"FEMARA TAB",0
"CPL ARTHRI",0
"ZENZEDI 2.",0
"ZOMETA VL",0
"ANTI DIARR",0
"SOMAVERT 2",0
"EPIFOAM 10",0
"NUVIGIL 15",0
"SIVEXTRO 2",0
"ALUNBRIG 3",0
"CLOCORTOLO",0
"ZOCOR 80MG",0
"ATIVAN INJ",0
"ACID REDUC",0
"LAXATIVE F",0
"APAP 500MG",0
"MIGLITOL 1",0
"SEMPREX-D",0
"HYCAMTIN(T",0
"OTREXUP 12",0
"FIASP FLEX",0
"BENSAL HP",0
"SYLATRON K",0
"ZYVOX IV S",0
"ACTIMMUNE",0
"AMICAR 100",0
"CARDIZEM 6",0
"ANTISEPTIC",0
"LDR NIGHTT",0
"TAXOTERE 8",0
"COLACE 100",0
"PERINDOPRI",0
"LDR PAIN/F",0
"COZAAR 100",0
"MIGRAINE F",0
"MIGERGOT",0
"IMIPENEM C",0
"ZERBAXA 1",0
"LEVAL INH",0
"GNP SORE T",0
"CINQAIR 10",0
"ZARONTIN S",0
"LDR LORATA",0
"NATROBA (S",0
"NAFTIN CRE",0
"REQUIP(ROP",0
"VIDEX EC",0
"SOLODYN 10",0
"DF CHILDRE",0
"DYSPORT (A",0
"VEREGEN OI",0
"ACTIQ 200M",0
"VENTAVIS (",0
"S/B HYDROC",0
"NIACIN 500",0
"DEXEDRINE",0
"NATPARA, 7",0
"SOLODYN 65",0
"SORILUX .0",0
"NAMENDA 5M",0
"ROSADAN CR",0
"PROSTIN VR",0
"NORTHERA 1",0
"LATUDA 80M",0
"AXIRON",0
"ISONIAZED",0
"MIRAPEX 0.",0
"LEUPROLIDE",0
"TOLMETIN S",0
"SAL-PLANT",0
"ZONALON (D",0
"ALPROSTADI",0
"PRANDIN 2.",0
"GLYSET 25M",0
"ALDACTONE",0
"LOVENOX 30",0
"OPANA ER 2",0
"CORVITE 15",0
"VALCHLOR (",0
"AFREZZA 60",0
"BEKYREE TA",0
"VARUBI",0
"ALDACTAZID",0
"VIRT NATE",0
"GLUCAGEN 1",0
"SKELAXIN 8",0
"PAMELOR CA",0
"JUXTAPID 4",0
"SERNIVO EX",0
"LDR SORE T",0
"PAPAVERINE",0
"ADEMPAS 2M",0
"XYLOCAINE",0
"DEHYDRATED",0
"MYSOLINE P",0
"LEMTRADA 1",0
"CEFACLOR E",0
"ATACAND 8M",0
"LAXATIVE P",0
"SPINRAZA (",0
"ADEMPAS 1M",0
"ORFADIN OR",0
"MYCAMINE 1",0
"TRUVADA 16",0
"DANAZOL 20",0
"BLUE GEL M",0
"ERIVEDGE 1",0
"PRENATE RE",0
"ALLI, ORLI",0
"TRELSTAR 1",0
"PACERONE 2",0
"ARICEPT",0
"DIBROMM PE",0
"VANATOL S",0
"EES-400 FT",0
"MUSCLE RUB",0
"TARCEVA 25",0
"SOD FERRIC",0
"TROSPIUM",0
"DIOVAN HCT",0
"FLUCYTOSIN",0
"FOSAMAX ON",0
"PRIMAQUINE",0
"IBUPROF IB",0
"CERDELGA (",0
"ALPHANINE",0
"CALAN SR 2",0
"VIBATIV (T",0
"PRANDIN 1.",0
"SENOKOT S",0
"BELBUCA 90",0
"EPIDUO PUM",0
"ZOFRAN ORA",0
"ARIMIDEX 1",0
"FIORINAL U",0
"QUESTRAN R",0
"MICARDIS (",0
"SPRITAM 50",0
"LDR TUSSIN",0
"LAMISIL AT",0
"ACTIVE OB",0
"VP HEMI ON",0
"FORTESTA (",0
"DIFFERIN C",0
"CORVITA",0
"DEMEROL CI",0
"FLUCCINONI",0
"MODAFINAL",0
"HM STOOL S",0
"DILAUDID 8",0
"ESBRIET -",0
"ACTONEL 15",0
"PREVYMIS 2",0
"VISUDYNE 1",0
"AVAPRO 75M",0
"TRICOR TAB",0
"TRAMDOL TA",0
"JUXTAPID 2",0
"TOPCARE IB",0
"KIONEX, SO",0
"GNP NAPROX",0
"BELBUCA 45",0
"LDR MICONA",0
"NAPHAZOLIN",0
"CEFIXIME 2",0
"PEPCID 20M",0
"ANUSOL-HC",0
"TRIPTODUR",0
"MACROBID 1",0
"TOPCARE",0
"FLEET MINE",0
"MEDROL 4MG",0
"JANUMETXR",0
"TRAVOPROST",0
"LDR CHEST",0
"POVIDONE I",0
"AMETHIA",0
"SM PAIN RE",0
"HYZAAR 100",0
"MS CONTIN",0
"TRELSTAR 3",0
"ARICEPT 10",0
"NEUTRAL SO",0
"FIASP VIAL",0
"NEOMYCIN 4",0
"JETREA (OC",0
"PENTAM 300",0
"ESGIC CAPS",0
"THROMBATE",0
"BUPIVACAIN",0
"TABTUSSIN",0
"FIBER-CAPS",0
"TRIENTINE",0
"EMEND 80MG",0
"GABLOFEN 1",0
"TOPICORT S",0
"ZYLET OPHT",0
"TRISTART D",0
"ELOCTATE 3",0
"SOTYLIZE (",0
"ROXICODONE",0
"QUININE SU",0
"NAFTIN GEL",0
"EURAX CREA",0
"LANOXIN TA",0
"LOPRESSOR",0
"TUMS ULTRA",0
"SUBOXONE F",0
"OTFC LOZEN",0
"PERI-COLAC",0
"DIBUCANE O",0
"APLISOL 1M",0
"NUWIQ",0
"HALDOL (R)",0
"MIRAPEX ER",0
"HALOG (HAL",0
"VANATOL LQ",0
"LAXATIVE T",0
"RITALIN HC",0
"FLEBOGAMMA",0
"PERCOCET 7",0
"DITROPAN X",0
"EAR WAX SY",0
"EMEND 125M",0
"VIMIZIM",0
"ESBRIET 80",0
"RADICAVA (",0
"GALZIN CAP",0
"GNP ACETOM",0
"GEODON IM",0
"BAZA ANTIF",0
"COREG(CARV",0
"ORBACTIV",0
"NAUSATROL",0
"HM GLYCERI",0
"DUTOPROL 5",0
"ESTROSTEP",0
"SINEMET CR",0
"NADOLOL (",0
"PERTZYE 8,",0
"APAP 160MG",0
"NESTABS ON",0
"CETYLEV 50",0
"TUMS CHEWY",0
"LUPANETA 1",0
"ZOSYN 2.25",0
"OSCIMIN OR",0
"EES 400 UN",0
"ALINIA 500",0
"ACIPHEX SP",0
"ENDARI",0
"GLYCOPRRYO",0
"PROSCAR 5M",0
"FOLIVANE-O",0
"CYTOTEC 20",0
"IMITREX 6",0
"BPO 4% GEL",0
"CORTISONE",0
"CIMZIA STA",0
"ACTIVASE (",0
"BP CLEANSI",0
"EPIRUBICIN",0
"AFREZZA 12",0
"DIBROMM DM",0
"FOSRENOL 7",0
"MIMVEY LO",0
"PANHEMATIN",0
"PROTAMINE",0
"CHLORPROPA",0
"BEBULIN FA",0
"PHOSLYRA",0
"ZURAMPIC 2",0
"RIBASPHERE",0
"PREPOPIK -",0
"ABSTRAL 20",0
"TUSSICAPS",0
"SPRIX",0
"CARBAGLU T",0
"ZYCLARA",0
"CYCLOSERIN",0
"MEDIFIN DM",0
"SAIZEN SOM",0
"DESONATE (",0
"ZOMIG-ZMT",0
"CARDIZEM C",0
"VASOTECT 1",0
"MESTINON T",0
"GABAOENTIN",0
"CALCIUM DI",0
"TUMS FRESH",0
"ANTACID X/",0
"APAP/DIPH",0
"VALPROATE",0
"TL ICON",0
"TYDEMY  (D",0
"DIPENTUM 2",0
"NATPARA, 2",0
"JADENU SPR",0
"NIMODIPINE",0
"OMIDRIA 1%",0
"EMBEDA (MO",0
"KRYSTEXXA",0
"GAMMAPLEX",0
"NAMZARIC T",0
"CLIMARA: E",0
"DUTOPROL 2",0
"ATIVAN 2MG",0
"LEVORA 0.1",0
"BELLADONNA",0
"QUDEXY XR",0
"DYRENIUM 1",0
"TAZICEF (C",0
"IOPHEN-C N",0
"AMABELZ  (",0
"ADENOSCAN",0
"HYQVIA 20",0
"CYTOVENE V",0
"ELLENCE 20",0
"GASTROCOM",0
"PAROMOMYCI",0
"CYCLOGYL 1",0
"ETHACRYNIC",0
"GAVISCON C",0
"METOPRLOL",0
"SYMBYAX",0
"DELSYM EXT",0
"LDR MOTION",0
"TREANDA 10",0
"PROPARACAI",0
"DIAZEPAM O",0
"SAVAYSA(ED",0
"MY CHOICE",0
"HETLIOZ",0
"GNP COLD H",0
"FUROSEM 40",0
"FOSAMAX PL",0
"SODIUM PHO",0
"PAXIL CR T",0
"15MG REMER",0
"AVELOX I.V",0
"DEPO PROVE",0
"CEFEPIME I",0
"EXFORGE HC",0
"XERESE CRE",0
"ULTRACET",0
"RIMANTADIN",0
"MINIVIELLE",0
"PORTRAZZA",0
"ATACAND HC",0
"LITHOBID (",0
"CALCITRENE",0
"LDR TNS HA",0
"CIPRO IV",0
"FIORICET 5",0
"TIKOSYN CA",0
"NATIFINE H",0
"ELELYSO (T",0
"TENORMIN 2",0
"10% DEXTRO",0
"EVOCLIN (C",0
"EVOFLOXACI",0
"DURACLON 1",0
"ALORA 0.07",0
"VIREAD 250",0
"DELSYM DAY",0
"ZERIT",0
"CELONTIN 3",0
"FORTAMET 1",0
"AVITA CREA",0
"MYALEPT 11",0
"GNP MUCUS",0
"ALPROLIX 3",0
"LDR HEADAC",0
"PENIVILLIN",0
"NEO POLY B",0
"PERCOCET 5",0
"TOPCARE NI",0
"GAMMAKED 1",0
"ROBAFEN CO",0
"GLUCAGON F",0
"PROPANTHEL",0
"ALL-NITE C",0
"AZILECT (R",0
"LACRISERT",0
"NAMZARIC 7",0
"FEMRING 0.",0
"SIGNIFOR A",0
"AKYNZEO",0
"ANGELIQ 0.",0
"TRETTEN",0
"CARBIDO/LE",0
"KITABIS PA",0
"ZEGERID 20",0
"ACUVAIL",0
"IMURAN (AZ",0
"XOPENEX 0.",0
"VINORELBIN",0
"AZACTAM",0
"DIGOXIN OR",0
"PATANASE",0
"SB NAPROXE",0
"BELBUCA 75",0
"ELIGARD 30",0
"LEVEE.15/.",0
"ISOTRETINO",0
"HM MUCUS R",0
"PROPRACAIN",0
"DEPAKENE C",0
"LOTREL CA",0
"INTRON A H",0
"ALINIA (NI",0
"DETROL 2 M",0
"ANTARA 30M",0
"UREA HYDRA",0
"CEFIXIME 1",0
"IRESSA 250",0
"ZINBRYTA I",0
"MATULANE (",0
"NORETHEST",0
"DURAMORPH",0
"HYQVIA 5 G",0
"DESOXIMEAT",0
"GABITRIL 2",0
"TRILIPIX (",0
"MAXALT 10M",0
"HEPARIN 10",0
"PRAVACHOL",0
"VP-ZEL TAB",0
"COZAAR 50M",0
"FOCALGIN C",0
"TENORMIN 5",0
"NEUPRO 3 M",0
"KISQALI 20",0
"CICLODAN",0
"COUGH TAB",0
"DIGOXINE 0",0
"0.8% LIDOC",0
"LDR NTM SV",0
"PRENATE EN",0
"MYOBLOC",0
"PREMIER CY",0
"AFREZZA 30",0
"MACRODANTI",0
"SSS 10-5 1",0
"PACERONE 1",0
"EXELDERM C",0
"XANAX XR .",0
"PERTZYE 24",0
"COARTEM TA",0
"GLUCAGON 1",0
"ZETONNA HF",0
"CALPHRON",0
"ALYACEN 7/",0
"MORGIDOX 2",0
"ERTACZO CR",0
"KETALAR C-",0
"NATURALAX",0
"BYVALSON 5",0
"DIOCTO SYR",0
"GNP APAP D",0
"MIRCETTE T",0
"PREPLUS",0
"TUSSIN MAX",0
"TRISENOX I",0
"BUPROPRION",0
"RIOMET STR",0
"FENTORA 80",0
"FIRMAGON 2",0
"LITHIUM OR",0
"DOXY DR 75",0
"VANTAS (HI",0
"ASCORBIC A",0
"TRI-LUMA C",0
"ADEMPAS 1.",0
"MIACALCIN",0
"DEXTROSE I",0
"PREMARIN I",0
"BYDUREON",0
"XIMINO EXT",0
"ZOSYN (TAZ",0
"TOLAZAMIDE",0
"ELOCTATE 6",0
"CASTELLANI",0
"ERYTHROCIN",0
"RESTORIL 3",0
"GILDESS FE",0
"TIGAN 100M",0
"RUBRACA",0
"NASAL DECO",0
"ALLERGY CR",0
"FOLOTYN 20",0
"TALTZ 80MG",0
"CORTEF 5MG",0
"ECONTRA EZ",0
"ENEMA TWIN",0
"GALANTAMIN",0
"PROTOPIC 0",0
"EPIVIR HBV",0
"MIGRAINE P",0
"MECLOFENAM",0
"MENOSTAR",0
"FABB",0
"VIEKIRA XR",0
"ZYPREXA ZY",0
"BUPHENYL P",0
"EVAMIST (E",0
"FANAPT TAB",0
"FLORIVA PL",0
"0.45% SODI",0
"KAZANO 12.",0
"LOSARTANN",0
"INFANT'S S",0
"CEFIXIME F",0
"ACETAM 650",0
"TRIGLIDE F",0
"DETROL 1MG",0
"TOBI AM 30",0
"ZOSYN (PIP",0
"CELEBREX 1",0
"RASUVO 10",0
"STELARA 13",0
"APRACLONID",0
"SOLODYN 11",0
"WHITE PETR",0
"UTIBRON NE",0
"GLUCOVANCE",0
"LONG ACTIN",0
"VERZENIO",0
"LARTRUVO 1",0
"ERWINAZE (",0
"ENDOCET 2.",0
"MAXIDEX",0
"ERY-TAB DE",0
"ABREVA TUB",0
"S/B ALLERG",0
"TARINA FE",0
"ALORA ETS",0
"ACULAR .5%",0
"IBRUPROFEN",0
"LICE SOLUT",0
"SELECT-OB+",0
"SM COLD/FL",0
"SOMA 250",0
"ATIVAN 0.5",0
"BELSOMRA 5",0
"ACCUPRIL T",0
"FERIVA 21/",0
"MELPHALAN",0
"RASUVO 30",0
"DIAZEPMAN",0
"RYNEX PE",0
"HYZAAR 50-",0
"SULINDAC",0
"AFREZZA 90",0
"CASTOR OIL",0
"VITAFOL",0
"BUTISOL SO",0
"TRELSTAR L",0
"FOCALGIN D",0
"MOEXIPRIL-",0
"AZOR 5/20M",0
"IMFINZI, 5",0
"ZELBORAF (",0
"DIGOXIN 50",0
"TRUSOPT 2%",0
"CUVITRU 1G",0
"RAPAMUNE 1",0
"OXAZEPAM 1",0
"CARBINOXAM",0
"TETRAHYDRO",0
"TRAVEL SIC",0
"PRIMAXIN 5",0
"NORCO 10 /",0
"S/B ASPIRI",0
"RETIN-A MI",0
"APAP 650MG",0
"MAXIPIME F",0
"CARDURA XL",0
"ALOMIDE",0
"CAROSPIR",0
"COUGH & CO",0
"ITRACONAZ",0
"GNP ACID R",0
"MITOMYCIN",0
"ACETASOL H",0
"GENTLE LAX",0
"SOLODYN 55",0
"GNP NASAL",0
"NAFTIFINE",0
"GLUMETZA 5",0
"ANADROL- 5",0
"AZTREONAM",0
"ELOCON 0.1",0
"PRADAXA 11",0
"PIPERA/TAZ",0
"NATURE TEA",0
"FLOUROMETH",0
"QUINAPRIL-",0
"EMPLICITI",0
"ADAPALENE-",0
"CAZIANT 0.",0
"IFOSFAMIDE",0
"KEYTRUDA 5",0
"RASUVO 12.",0
"PRENATE EL",0
"BIVALIRUDI",0
"PRENATE CH",0
"0.9% W/V S",0
"ARCALYST 2",0
"CELEXA 10M",0
"ZYVOX (LIN",0
"LOVENOX 10",0
"GAZYVA 100",0
"DIPHYNHYDR",0
"PROPRAN 40",0
"SUBLOCADE",0
"INFUMORPH,",0
"ZOLINZA 10",0
"MERREM I.V",0
"QUARTETTE",0
"CLOZARIL",0
"AVANDIA TA",0
"RASUVO 7.5",0
"XOPENEX (L",0
"SYNRIBO IN",0
"CORGARD, 8",0
"KEPPRA IV",0
"CLINDACIN",0
"CONZIP 100",0
"ALUNBRIG (",0
"ALDURAZYME",0
"FLAVOXATE",0
"S/B 12HR N",0
"ANTI-GAS R",0
"EXFORGE 10",0
"PHENOXYBEN",0
"SIRTURO (B",0
"ORFADIN 20",0
"XYZAL 5 MG",0
"SORIATANE",0
"NALOXONE P",0
"FROVA (FRO",0
"CYSTAGON 5",0
"LDR COLD/C",0
"GAS FREE E",0
"DOXIL 50MG",0
"CHROMAGEN",0
"LEADER MUC",0
"RHOFADE TO",0
"JUXTAPID 1",0
"ANDROGEL2.",0
"PRAMCORT C",0
"TRUVADA 13",0
"ZYCLARA 3.",0
"METHSCOPOL",0
"NAPHCON A",0
"OZEMPIC 1M",0
"ANTI-ITCH",0
"FARYDAK CA",0
"BUNAVAIL 6",0
"SYNALAR TS",0
"ESTAZOLAM",0
"CHEMET",0
"IRINOTEC H",0
"HUMATE-P L",0
"LDR ENEMA",0
"E/ MUSCLE",0
"SPIRIVA 90",0
"TOPOSAR IN",0
"YONDELIS (",0
"KADIAN ER",0
"ANTI ITCH",0
"FENTANYL 2",0
"HYDROGEN P",0
"PRANDIN (R",0
"KROGER NTS",0
"BETADINE S",0
"GENGRAF, C",0
"POLYMYXIN",0
"METROGEL 0",0
"TUSSIN CS",0
"ORALAIR",0
"ALTOPREV 4",0
"CONCEPT DH",0
"INLYTA (AX",0
"JALYN CPSL",0
"NORTHERA 3",0
"NICARDIPIN",0
"SULFA & TR",0
"ALLERCHLOR",0
"ANTIFUNGAL",0
"KONSYL-D",0
"VERELAN PM",0
"OSMOPREP",0
"CLARINEX D",0
"QUITIAPINE",0
"LEXAPRO 5M",0
"LDR NATURA",0
"LYNPARZA 5",0
"VISTARIL C",0
"ZAVESCA (M",0
"RYDAPT CAP",0
"BRISDELLE",0
"SUNMARK MI",0
"CEPACOL SO",0
"S/B BISMUT",0
"INTEGRILIN",0
"GNP ANTACI",0
"TYBOST (CO",0
"MUCINEX 72",0
"SM ANTI-DI",0
"CORIFACT (",0
"CYTOMEL 25",0
"EPSOM SALT",0
"KALBITOR 1",0
"BACTROBAN",0
"MUCINEX 6'",0
"XANAX .25M",0
"PROMETRIUM",0
"SCALP RELI",0
"HM SINUS 1",0
"CASPOFUNGI",0
"I.V. PREP",0
"UCERIS REC",0
"LANSO/CLAR",0
"BINOSTO",0
"ASTRINGENT",0
"PENTOXYFYL",0
"ENEMA",0
"AFREZZA 8",0
"AVONEX EX",0
"SARNA LOTI",0
"S/B CHILDR",0
"CYTRA-3 SY",0
"RIBAPAK 12",0
"HYPERTET S",0
"TRELSTAR 2",0
"CLEOCIN HC",0
"LOTRONEX (",0
"OZEMPIC 0.",0
"ATRALIN GE",0
"KOATE 1000",0
"VUSION OIN",0
"NICORETTE(",0
"S/B MILK O",0
"MILK MAGNE",0
"LASIX 40 M",0
"TOPCARE PA",0
"LDR CHILD",0
"SODIUM PHE",0
"MAPAP 160",0
"TESSALON B",0
"COLACE 2 I",0
"EFFERVESCE",0
"DOPAMINE H",0
"VIRT-NATE",0
"GNP RANITI",0
"SAIZEN (SO",0
"KALETRA OR",0
"LOVENOX  1",0
"LENVIMA 18",0
"DOXEPIN 50",0
"ZOSYN 3.37",0
"PEXEVA (PA",0
"EPTIFIBATI",0
"TOPCARE IN",0
"HEMLIBRA -",0
"FLONASE SE",0
"LOESTRIN 2",0
"SELECT-OB",0
"HUMIRA PED",0
"SEB PREV W",0
"CLODAN SHA",0
"AUSTEDO (T",0
"SENOKOT TA",0
"ZANTAC (RA",0
"GILDESS 1.",0
"NADOLOL/BE",0
"45% UREA L",0
"CUVITRU 4G",0
"PRENATE AM",0
"MEDICATED",0
"RETIN-A GE",0
"RECLAST VL",0
"SPRITAM 10",0
"ERYTH CAP",0
"WILATE",0
"MACUGEN (P",0
"AHP HYDROC",0
"OCTAGAM 10",0
"MAPROTILIN",0
"SYNDROS",0
"ALPROLIX 4",0
"GUAIATUSSI",0
"LORTAB",0
"PBOS (R) (",0
"ZORVOLEX 1",0
"JOCK ITCH",0
"SLEEP TAB",0
"HYCAMTIN C",0
"INDERAL XL",0
"TABLOID  T",0
"CRINONE 4%",0
"EMTRIVA OR",0
"OXAYDO 5MG",0
"SM COUGH D",0
"ZANTAC TAB",0
"SRONYX 0.1",0
"ADENOCARD",0
"PRED-G SUS",0
"NOVOSEVEN",0
"ERY-TAB 25",0
"FAYOSIM  T",0
"FORADIL AE",0
"S/B N/ASPI",0
"FLORIVA 1",0
"ZOSYN 4.5G",0
"DR. SMITH'",0
"SYMDEKO (T",0
"CORVITE FE",0
"DEXRAZOXAN",0
"LEVAQUIN 5",0
"FLONASE AL",0
"TRI-VI-FLO",0
"AK-POLY-BA",0
"VOL PLUS",0
"TEKTURNA F",0
"K-TAB FILM",0
"AHP LAMIVU",0
"OMECLAMOX",0
"PIPERONYL",0
"PRAMOSONE",0
"ENTOCORT E",0
"RIFADIN IV",0
"IOPHEN NR",0
"ADLYXIN 20",0
"NITRO-DUR",0
"PRED-G S.O",0
"CARIMUNE N",0
"TRIBENZOR",0
"COLISTIMET",0
"TRILIPIX D",0
"RAYALDEE 3",0
"CARBOCAINE",0
"DETROL LA",0
"KORLYM 300",0
"VIREAD ORA",0
"NALBUPHINE",0
"PHENERGAN",0
"TUMS ASSOR",0
"CORTEF 10M",0
"AMINOCAPRO",0
"PROCYSBI D",0
"ENDOMETRIN",0
"ARTHROTEC",0
"FLORIVA .5",0
"ZESTRIL 10",0
"ZUPLENZ 8M",0
"ZITHROMAX",0
"ADLYXIN 10",0
"SILVADENE",0
"MESNA INJ",0
"INDERAL LA",0
"LANTANAPRO",0
"COSOPT",0
"FOCALGIN 9",0
"AVEED (TES",0
"COUGH RELI",0
"HOSPITAL A",0
"METHYLIN O",0
"KEPIVANCE",0
"GABITRIL 1",0
"ADRIAMCYIN",0
"RIDAURA (A",0
"LESCO XL 8",0
"CALDYPHEN",0
"KYLEENA",0
"FAZACLO 10",0
"DAYHIST AL",0
"DANAZOL CA",0
"MESNEX",0
"QUINIDINE",0
"MEPROBAMAT",0
"VERNA VIT",0
"INNOPRAN X",0
"BEXAROTENE",0
"ULTRAVATE",0
"LONSURF 15",0
"ALTACE CAP",0
"KLOR-CON U",0
"ZANAFLEX C",0
"MEDI PADS",0
"LANOXIN SC",0
"ARAVA (LEF",0
"MARPLAN",0
"MESNA INJE",0
"TRINATAL R",0
"PASER GRAN",0
"LDR ANTISE",0
"SILPHEN CO",0
"ISTODAX (R",0
"GAVISCON 8",0
"AVELOX 400",0
"ANECTINE 2",0
"CATAPRES(C",0
"HYQVIA 2.5",0
"PROVIGIL (",0
"NESTABS DH",0
"APOKYN INJ",0
"NEUAC GEL",0
"TIOCONAZOL",0
"YOSPRALA",0
"SYNERA PAT",0
"GNP COUGH",0
"ROWASA ENE",0
"APAP CHILD",0
"ZINC SULFA",0
"ELOCTATE 2",0
"VANCOMYOCI",0
"SOLTAMOX,",0
"FOSINIPROL",0
"NOVAREL (C",0
"EMEND 40MG",0
"CORDRAN FL",0
"NECON 1MG/",0
"ZYFLO TABL",0
"LDR ACID R",0
"TRIVORA 6",0
"SECURA EXT",0
"ACCOLATE Z",0
"MOXEZA",0
"NIFEREX",0
"LDR ALL/D",0
"MYDAYIS 12",0
"READY TO U",0
"ZYVOX 600",0
"NULEV 0.12",0
"OPANA ER (",0
"MAJOR-PREP",0
"MIGRANAL N",0
"INTRAROSA",0
"QUENALIN",0
"NEOMYCIN-B",0
"DIAPER RAS",0
"SIMULECT 2",0
"VAGISTAT-3",0
"LEENA  TAB",0
"LARTRUVO",0
"URIMAR-T",0
"LDR PRLF F",0
"TREANDA (B",0
"WITCH HAZE",0
"EDECRIN TA",0
"MAPAP SINU",0
"LORZONE 37",0
"LOSEASONIQ",0
"XENAZINE 1",0
"CAFFEINE C",0
"CHOLBAM CA",0
"CYCLOMYDRI",0
"NEO-SYNALA",0
"TAGRISSO 4",0
"GILDESS 1/",0
"SM DOCUS C",0
"OLUX-E FOA",0
"LUPANETA 3",0
"LYSODREN",0
"TUSSIN PE",0
"DOXEPIN 10",0
"AMERINET C",0
"LANTUS SOL",0
"K+CARE EFF",0
"PRECOSE 10",0
"PREFERA OB",0
"BENZAMYCIN",0
"10% DEXTRA",0
"BAZA PROTE",0
"VICODIN TA",0
"ULTIMATECA",0
"OMIDRIA",0
"MYSLOINE P",0
"ELOCTATE 5",0
"KONSYL PSY",0
"SONATA TAB",0
"ACTIQ 600M",0
"KONSYL EAS",0
"VP PNV DHA",0
"AIRDUO 113",0
"LDR LUBRIC",0
"NESACAINE",0
"DANAZOL 50",0
"WARFARIN N",0
"ESTRACE TA",0
"MYTESI 125",0
"ANTI-NAUSE",0
"RHOGAM",0
"NOVOEIGHT",0
"KYPROLIS 3",0
"GLUMETZA 1",0
"BONIVA PRE",0
"TEKTURNA H",0
"MAPAP PM C",0
"COSMEGEN 0",0
"ZOCOR 20MG",0
"PROCARDIA",0
"DEXPAK 10",0
"HYDROXOCOB",0
"MICONOZOLE",0
"COLD SEVER",0
"NICOMIDE",0
"CYSTARAN (",0
"SM DAYTIME",0
"CLOBEX SHA",0
"SPRITAM 75",0
"OXAYDO 7.5",0
"APTENSIO X",0
"LDR URINAR",0
"S/B SENNA",0
"ELITE OB",0
"STAVUDINE",0
"ANTIBIOTIC",0
"ENABLEX 15",0
"LOMEDIA 24",0
"LOTRISONE",0
"SINEMET 25",0
"HEPSERA",0
"LAMISIL TA",0
"HEMOFIL-M",0
"PRENATE PI",0
"DOXERCALCI",0
"XANAX .5MG",0
"EX-LAX REG",0
"STALEVO FC",0
"COSYNTROPI",0
"FRAGMIN (D",0
"GLEOSTINE",0
"PEGASYS PF",0
"VIRAMUNE X",0
"BONIVA 150",0
"STARLIX 12",0
"DILANTIN-1",0
"FABIOR 0.1",0
"NORETH-EST",0
"XYNTHA 300",0
"ELITEK 1.5",0
"FERROUS GL",0
"KALETRA LO",0
"HYQVIA 30",0
"KOGENATE F",0
"TUMS ANTAC",0
"VERSACLOZ",0
"LONSURF 20",0
"ASPIRIN SU",0
"KONSYL",0
"OXICONAZOL",0
"TUMS E-X A",0
"NATACYN",0
"ZANTAC 1,0",0
"SYNAREL 2M",0
"MIGRAINE C",0
"VYZULTA 5M",0
"ACTONEL 35",0
"AZOR 10/40",0
"CALCIPOT S",0
"AMPHOTERIC",0
"NALFON",0
"VIVELLE-DO",0
"LDR ANTI-D",0
"NORITATE 1",0
"ADEMPAS 0.",0
"ATHLETES F",0
"GOOD SENSE",0
"FORTAZ INJ",0
"CARBILEVOE",0
"OPANA ER",0
"ZYKADIA HG",0
"POVIDINE O",0
"ENEMA SING",0
"VASOTEC 20",0
"AROMASIN 2",0
"NIASPAN-NI",0
"NALOXONE 0",0
